#ID,ID_strumento,Azione,NumeroValore,Borsa,Domestico,Eliminazione,Ticker,BenchmarkVAR,Strike,NumeroValoreSottostante,Maturity,Tipo,Posizione,Ratio,ISIN,rowguid
1673,1,OCEAN STRATEGIES,020232,NYSE,0,0,battle7,,,,,Azioni,,,,02F2B493-4E58-438B-A8EA-D355650F293F
1686,1,KINGATE GLOBAL FUND SHS USD,030711,NYSE,0,0,battle18,,,,,Azioni,,,,DD711EC3-CEF8-4848-AAE4-6AAC0C4EBEB9
380,1,AVENTIS,0511029EU,CACEU,0,0,AVE.PA,,,,,Azioni,,,,36222EA5-960E-429C-A219-A0E03C557CDA
159,1,Adidas Salomon,059053EU,DAXEU,0,0,ADS.XE,,,,,Azioni,,,DE0005003404,C0815097-53D1-41C0-B57E-2B43662B58A5
1286,14,Fondi Azionari GAM STAR Europa CHF CL,1001319CH,ZH,0,0,1001319CH,,,,,Azioni,,,IE0008505517,0A49AE7F-C3D8-4A53-A054-9897DF0C53AA
1870,29,Orpheus NV Fund Reserve Inv USD,10020132US,NYSE,0,0,10020132US,,,,,Investimenti alternativi,,,ANN681723162,88C7A0E3-18AC-4C07-9AFB-DB95575F2351
1602,1,Swissca Lux Fund FCP,1002623,DAXEU,0,0,palace44,,,,,Azioni,,,,BA296C4B-CAC1-4A65-B09E-AC042E1C0A80
1725,1,DH Global Inv Euro Leaders,1002805,DAXEU,0,0,bianchi16,,,,,Azioni,,,,904E6074-3831-4C66-9A9A-52F1D2A0D93C
1848,1,Rights on Gas Natural,10037456EU,IBEXEU,0,0,GAS.D.MAC,,,,,Azioni,,,ES0616870905,0FB67FB4-9D93-4B9C-84C1-6279855340A5
1849,30,Rights on Royal Bank of Scotland,10043207GB,LDN,0,0,10043207GB,,,,,Azioni,,,GB00B60SSF69,21D2183B-B3E9-488B-9B4F-D6C5033908A6
1869,29,GEMS PROGRESSIVE FD SICAV LOW VOLATILITY RESERVE POOL,10063727CH,ZH,0,0,10063727CH,,,,,Investimenti alternativi,,,LU0420741950,A1A56252-DC55-49FA-8A9A-AF23C3DB6D44
382,1,Miracle HDL N,1009374CH,ZH,1,0,MIRZn.S,,,,,Azioni,,,,07FCD345-E4EC-4812-B7DD-1E7A930E207C
1611,1,Thomson,1010505,CACEU,0,0,palace51,,,,,Azioni,,,,EACE844C-0FB7-4E47-81EE-CC87C92DB804
540,1,HILTI PS,101097CH,ZH,1,0,HILP.S,,,,,Azioni,,,,F7A6735D-F1BC-4CB6-A7C5-E9795CD4CF00
1797,1,Eircom Holdings Ltd,10118406,SYD,0,0,ERC.AX,,,,,Azioni,,,AU000000ERC5,8FE32278-1602-42DC-AD18-8CDDBBF525ED
1641,1,Beni Stabili Spa,1012978,MIBEU,0,0,bigmac21,,,,,Azioni,,,,139D9C56-111D-45CD-A427-BD7B908218B9
1549,29,Platinum All Star Fund,10175424,DAXEU,0,0,10175424,,,,,Investimenti alternativi,,,KYG7126M1160,4BB7FE5F-D897-4E76-ABEC-5DF102F6C88C
1628,1,Gothard Nassau Slam Notes Lkd To Nokja,1019076,DAXEU,0,0,bigmac9,,,,,Azioni,,,,A5275E32-D802-4AB8-AA59-B27E8A73780F
486,1,FREENET.DE AG,1020957EU,DAXEU,0,0,FRNG.F,,,,,Azioni,,,,4CE78571-ECDD-4C35-AC82-4C005C7A6973
1840,14,PF-Water P Cap,1021903EU,DAXEU,0,0,1021903EU,,,,,Azioni,,,LU0104884860,8029C98E-8E63-494E-A09A-836CDD991360
897,1,Seat Pagine Gialle SpA,1025580EU,MIBEU,0,0,PGR.MI,,,,,Azioni,,,IT0003479646,C17C5C86-9DAC-4610-A709-4B5626FB3854
418,1,DT Telekom N,1026592EU,DAXEU,0,0,DTE.XE,,,,,Azioni,,,DE0005557508,6347C68B-B731-47C7-A869-8318CCD07C28
1943,1,Gam,10265962CH,ZH,0,0,GAM.S,,,,,Azioni,,,CH0102659627,884DB462-9434-40E5-B0E4-C5733E032784
177,1,Amer Intl Group Common Stock,10315741US,NYSE,0,0,AIG,,,,,Azioni,,,US0268747849,50158BE6-B557-4C06-A451-7D9D60E066AF
881,1,FINMECCANICA SPA,1031917EU,MIBEU,0,0,FNC.MI,,,,,Azioni,,,,60143E40-A6D8-4D49-8887-8C51EE723A31
392,14,UBS EF New Markets,1032436EU,DAXEU,0,0,1032436EU,,,,,Azioni,,,,0989104D-F503-4900-8FF5-338133BA3ED6
563,1,Infineon Technologies AG,1038049EU,DAXEU,0,0,IFX.XE,,,,,Azioni,,,,DCC52F65-053D-4D07-B7D3-B78D9A2BC27F
1066,14,UBS EF Asian Techonogy,1041161US,NASDAQ,0,0,1041161US,,,,,Azioni,,,LU0106959298,0D6B8420-A431-46C0-833C-BB7AA7F0C7EA
394,17,World Semiconductors bsk CSFB,1048031US,NYSE,0,0,1048031US,,,,,Azioni,,,,C44D8266-8B95-471E-B6A4-F878DF2B3FEB
1654,1,Ralston Purina,104914,NYSE,0,0,bigmac32,,,,,Azioni,,,,D2C5736B-FE5A-4A13-A8DF-E430220B384B
396,19,Put Warrants VPBK,1051554CH,ZH,0,1,null1,,,,,Azioni,,,,F097FA33-57B4-4EED-BA7F-7E78917F42FA
219,1,Actelion LTD,1053247CH,ZH,1,0,ATLN.S,,,,,Azioni,,,CH0010532478,3B63AA4E-2151-4CF7-9AAC-E687EA1BCF33
616,1,Lindt & Spr端ngli N,1057075CH,ZH,1,0,LISN.S,,,,,Azioni,,,CH0010570759,54E80E4C-BFAA-40F9-A384-9F2154CD9937
399,17,CSFB Int. Biotech Basket,1058791EU,DAXEU,0,0,1058791EU,,,,,Azioni,,,,62757F9A-0A7E-4777-9308-1E46FDA6640B
1,17,CSFB TEL TECH Basket,1060838EU,DAXEU,0,0,1060838EU,,,,,Azioni,,,,1E3D9561-1E13-4EC5-BEE5-FD0855CCB095
506,1,Givaudan N,1064593CH,ZH,1,0,GIVN.S,,,,,Azioni,,,CH0010645932,69E7122F-07FA-49C0-9657-1503930E930F
1250,31,ISHARES DJ Euro Stoxx 50,1065278EU,DAXEU,0,0,EUNE.S,SX5E.STX,,,,Azioni,,,,AF1CB760-038B-4CD4-8C8D-327916B1F95C
1826,14,Franklin Templ US Opp,1065517US,NYSE,0,0,1065517US,,,,,Azioni,,,1065517US,EF228759-09D8-4EBF-B64F-108F3D7BA3E2
1593,1,Pharmacia Corp.,1067784,NYSE,0,0,palace35,,,,,Azioni,,,,7E73D195-5971-42C1-854D-770B08328D06
1499,1,Komax N,1070215CH,ZH,0,0,KOMN.S,,,,,Azioni,,,CH0010702154,D588147C-B947-4F9E-AAD2-3BBBD83AEE83
701,1,NH Hoteles Common Stock,10714EU,IBEXEU,0,0,NHH.MAC,,,,,Azioni,,,ES0161560018,797048FE-1375-4424-9BCA-9094B0EE49A3
1647,1,Cray Inc. Restricted,1071609,NYSE,0,0,bigmac27,,,,,Azioni,,,,B9A5F168-D038-4B4A-89C8-9FAAE6CD8543
1667,1,GOTTEX MARKET NEUTRAL FUND,1072369,NYSE,0,0,battle,,,,,Azioni,,,,7FDD4ED7-F154-4E45-B2D8-DF5D87908F7D
215,1,ASML HOLDING NV,1072820EU,ASEEU,0,0,ASML.AS,,,,,Azioni,,,NL0000334365,111BF7D6-4522-4700-8B16-8DCF4DFB909C
866,1,SERONO I,1075192CH,ZH,1,0,SEO.VX,,,,,Azioni,,,,907317F9-5AE4-44B9-85A6-3CF08EEEC873
1376,14,CIT EQ GLOBAL HEALTHCARE,1075867EU,DAXEU,0,0,1075867EU,,,,,Azioni,,,LU0110664702,0487F65B-9734-4B9D-8C3D-B9886E8D1090
1616,1,Tiscali,1076351,MIBEU,0,0,palace56,,,,,Azioni,,,,979006C2-312B-4F79-88E8-FDE3071D795C
597,1,KPN Koninklijke,1076509EU,ASEEU,0,0,KPN.AS,,,,,Azioni,,,NL0000009082,79F1B137-B204-478E-91BC-31B688C6AB27
1455,14,European Selection Holdings A,1078770EU,DAXEU,0,0,1078770EU,SX5P.STX,,,,Azioni,,,ANN3123U1044,089F672E-0DFE-448D-8088-43BFBC2F0477
1023,1,Worldcom Inc.,1080960US,NASDAQ,0,0,WCOM.O,,,,,Azioni,,,,A1376719-EC74-4C61-8023-59E13AAEB7F8
1646,1,Gotthard Bank Slam Rel SHS SONERA,1082855,DAXEU,0,0,bigmac26,,,,,Azioni,,,,17B4488F-8512-4818-A0F7-8A1F4D7160FE
1572,1,Getronics NV,1083560,DAXEU,0,0,palace15,,,,,Azioni,,,,3BF67845-6DDB-4B15-9275-355210DCB12F
1742,15,ISHARES S&P 500,1085355US,NYSE,0,0,1085355US,,,,,Azioni,,,US4642872000,11383479-2BB4-4040-9410-AAFF8DF22BF4
578,1,ITALCEMENTI SPA,1086183EU,MIBEU,0,0,IT.MI,,,,,Azioni,,,,440757C4-5B01-466B-A444-F47B8FB9A7D3
611,1,Leica Geosystem,1087048CH,ZH,1,0,LGSN.S,,,,,Azioni,,,CH0010870480,5A8A50DE-F8A9-4169-BC24-B76258CF72B2
1445,14,ISHARES JAPAN,1087233EU,ASEEU,0,0,/IJPN.AS,,,,,Azioni,,,IE00B02KXH56,DC8E18E3-59CE-45C4-ADDA-D1ADD2E9381B
1745,15,ISHARES MSCI Spain,1087252US,NYSE,0,0,1087252US,,,,,Azioni,,,US4642867646,44806523-BFC3-457F-A984-3D1A5D89C832
1706,1,ISHARES INC MSCI South Korea,1087270US,NASDAQ,0,0,US4642867729,,,,,Azioni,,,US4642867729,B626825B-B4B1-42BC-AC25-5E0115ECC4FE
1740,15,ISHARES Russel 2000,1088738US,NYSE,0,0,1088738US,,,,,Azioni,,,US4642876555,20A76163-E229-4C89-93E6-7FC31E262FFD
1403,1,Prisa,1093403EU,DAXEU,0,0,PRS.MAC,,,,,Azioni,,,ES0171743117,DCAA72AD-208D-4E2E-9CC3-12F502906174
1174,1,Tpi Telefonica Pub Info,1093893EU,IBEXEU,0,0,TPI.MNM,,,,,Azioni,,,ES0178419117,A22A774E-5E4C-4716-99FD-180F27BDED81
1576,1,Art Advanced Research Technologies Inc.,1094673,TSE,0,0,palace19,,,,,Azioni,,,,0E14A6E9-7F23-47CD-93BF-65901323292A
94,1,Mizuho Holdings Inc.,1095726JP,TYO,0,0,8305.T,,,,,Azioni,,,,469403E0-4E6A-4813-B678-EB529B46F5F6
1466,14,LODH Multiadviser Sicav Market Neutral USD,1096768US,NYSE,0,0,LU0113348659USD.SUF,,,,,Azioni,,,LU0113348659,48EC8767-5D5B-48A2-B4E3-03F0D7CB8BD6
1705,1,ISHARES INC MSCI Taiwan,1097771US,NASDAQ,0,0,US4642867315,,,,,Azioni,,,US4642867315,28C6BA3A-27CC-410D-80C0-C1FCBA688B04
1075,1,Oberthur,1097947EU,CACEU,0,0,OCS.PA,,,,,Azioni,,,,444116A9-0001-46FB-B029-8ACDA85C8E71
1651,1,Global Water Technologies,1100523,NYSE,0,0,bigmac29,,,,,Azioni,,,,74F9FB00-3888-421A-BE5E-3A9E27309573
1497,1,Cytos N,1102521CH,ZH,0,0,CYTN.S,,,,,Azioni,,,CH0011025217,1CC92550-2635-4399-8402-4B7C8F755DF0
560,1,INFICON N,1102994CH,ZH,1,0,IFCN.S,,,,,Azioni,,,,994D9EF4-6317-43D0-9423-BC211DA5436A
921,1,Syngenta AG,1103746CH,ZH,1,0,SYNN.S,,,,,Azioni,,,CH0011037469,C6036EB4-765F-438A-8F9C-A3A09762C9E0
1738,14,CL Luxury Goods EF,1106382EU,DAXEU,0,0,1106382EU,,,,,Azioni,,,GB0009580241,39991C87-9BD9-494F-9F3E-0453598064AD
767,1,Philips,1106818CH,ZH,0,0,PH.S,,,,,Azioni,,,,CA3F883E-84F6-4A36-80BC-4D4528087E1E
766,1,Philips,1106818EU,ASEEU,0,0,PHIA.AS,,,,,Azioni,,,NL0000009538,E9D68AFF-D4CD-4A57-9772-F2DB73F274FE
1052,1,Zurich Financial Services N,1107539CH,ZH,1,0,ZURN.S,,,,,Azioni,,,CH0011075394,9076717C-40A9-4D6C-9966-7CE0B68D9829
1104,31,Put Repro UBS Fin,1113980US,NYSE,0,1,null2,,,,,Azioni,,,,88D20DD5-41AF-40FD-B4BB-84348856D625
400,1,DEGUSSA AG,1122160EU,DAXEU,0,0,DGX.XE,,,,,Azioni,,,,1BD92492-7BC8-47A6-9FC7-76EC1A58C1A3
221,1,Avaya Inc.,1126497US,NYSE,0,0,AV,,,,,Azioni,,,,9CD40311-1A2C-4B81-A619-6C5049EE887D
421,14,UBS EF Fund European Growth,1137573EU,DAXEU,0,0,LU0118128569,,,,,Azioni,,,LU0118128569,2C942D2E-2673-479E-862F-3D7A36888845
2,31,Minincap,1140289CH,ZH,0,0,1140289CH,SMI.S,,,,Azioni,,,,4696FFA6-9D5B-453F-A831-78C1977CB113
422,24,TOROs on Nokia OYJ common share,1141484EU,DAXEU,0,1,1141484EU,,,,,Azioni,,,,1932B94E-92BD-4F36-83AF-ABAD172F425C
1496,1,Basilea N,1143244CH,ZH,0,0,BSLN.S,,,,,Azioni,,,CH0011432447,2FC170F5-7507-476D-85DB-3546F2FF678D
728,1,Novozymes B,1143702DKK,CSEI,0,0,NZYMb.CO,,,,,Azioni,,,,94BF6754-B8D0-4088-B284-59ABD9673ED6
1399,14,Argo Fund Ltd,1144313US,NYSE,0,0,1144313US,,,,,Azioni,,,KYG0462M1050,4E1F3FE8-AFB2-452D-941E-169136DF6BD4
1619,1,Interrew,1147290,ASEEU,0,0,palace59,,,,,Azioni,,,,4E8B39B1-8A8F-4C20-BA41-D3A63D283CDD
1285,14,Fondi Azionari GAM STAR Orient CHF CL,1155223CH,ZH,0,0,1155223CH,,,,,Azioni,,,IE0008505954,A518DBA8-1C14-4E3E-9163-A32ADD609941
835,1,RWE AG,1158883EU,DAXEU,0,0,RWE.XE,,,,,Azioni,,,,746C280E-EBBB-4120-A328-C2E93879B109
3,31,CSFB S&P 500 03,1161390US,NYSE,0,0,1161390US,INX.X,,,,Azioni,,,,BBFBE2BA-65E0-401F-B8D8-186F8AD20172
163,1,Aetna,1165699US,NYSE,0,0,AET,,,,,Azioni,,,US00817Y1082,79EF5443-5EC2-4584-ACBF-E6B5345268FD
423,1,Vivendi SA,1165915EU,CACEU,0,0,VIV.PA,,,,,Azioni,,,FR0000127771,DBC71FBB-3D00-493F-B00B-F8ACCAD9B2C6
4,24,TOROs SAP AG Vz,1168312EU,DAXEU,0,1,1168312EU,,,,,Azioni,,,,12FF46F7-E6AD-48AB-B1F5-C475DE5ED7B2
1946,1,Luzerner Kantonalbank,1169360CH,ZH,0,0,LUKN.S,,,,,Azioni,,,CH0011693600,6E87BE66-788A-437B-A8EE-6D95F103DF9E
1482,1,iShares DAX (DE),1174954EU,DAXEU,0,0,EXS1.XEI,,,,,Azioni,,,DE0005933931,5AC66D99-BEAB-40B7-B735-01DACD927E2A
1072,1,Agere System Inc A,1174989US,NYSE,0,0,AGR-A,,,,,Azioni,,,US00845V1008,DF421F95-0E09-4262-9759-AE556AC1794D
549,1,HPI HLD PART IND,1175755EU,MIBEU,0,0,HPI.MI,,,,,Azioni,,,,103DD381-71AA-42DB-88A0-D3A467485158
1441,14,LODH Swiss Leaders,1178662CH,ZH,0,0,CH0011786628CHF.SUF,SMI.S,,,,Azioni,,,CH0011786628,0D4EF4FA-C2FD-43E1-8785-63ADFC4264E3
1513,1,Kaba Holdings AG,1179595CH,ZH,0,0,KABN.S,,,,,Azioni,,,CH0011795959,259BB4F5-2E5D-40BE-8856-05408B645A30
1591,1,Orange SA,1181251,DAXEU,0,0,palace33,,,,,Azioni,,,,F0072B4A-0D30-4F86-AB58-0C71E7A6280A
1362,1,McDATA Corp A,1183850US,NASDAQ,0,0,MCDTA,,,,,Azioni,,,US5800312010,C1BCC85D-6CF4-4174-98B1-BC498D81AF33
1819,1,Lyxor ETF DJ Euro Stoxx 50,11893431576,DAXEU,0,0,bang3,,,,,Azioni,,,11893431576,008432C7-31D9-427D-BD14-E7BFCB514DFA
5,17,CSFB World Semicond bsk II,1193261US,NYSE,0,0,1193261US,,,,,Azioni,,,,4934250F-7ADB-4D71-8767-91711FA2652F
1834,14,Ishares Trust Nasdaq Biotechnology,1194267US,NASDAQ,0,0,IBB.O,,,,,Azioni,,,IE00B1YZSC51,68C9A74A-6CDE-4883-B0E4-86ECEDCC480F
709,1,Novartis Na,1200526CH,ZH,1,0,NOVN.S,,,,,Azioni,,,CH0012005267,758E610B-2E73-4DEC-A1E6-BD29A5283ACD
824,1,Roche Holding Gs,1203204CH,ZH,1,0,ROG.S,,,,,Azioni,,,CH0012032048,750ED2C1-AED2-4CE4-A9F9-215785E91EBE
823,1,Roche Portatore,1203211CH,ZH,1,0,RO.S,,,,,Azioni,,,CH0012032113,2CAAFBA8-E1DE-4838-84B3-B91B71EF7A30
1658,1,Gotthard Bank Gred Units Lkd USD/JPY 20.12.01,1204382,NYSE,0,0,bigmac36,,,,,Azioni,,,,D9D5B32E-ED00-45BE-A30D-003A4844DFE8
1659,1,Cristallo BDG Lkd to Healtcare Biotech 30.03.06,1210611,NYSE,0,0,bigmac37,,,,,Azioni,,,,D6B240CE-4BB2-482B-81F7-A1E516BE0521
368,1,Credit Suisse Group Na,1213853CH,ZH,1,0,CSGN.S,,,,,Azioni,,,CH0012138530,F6E2C18C-CDD7-49A0-97D8-4EEEB6A31F09
154,1,Adecco SA Common Stock,1213860CH,ZH,1,0,ADEN.S,,,,,Azioni,,,CH0012138605,D5F47D15-8FE3-46D9-8A09-563587752F83
1446,14,STREETTRACKS MSCI EU.T.S,1214109EU,DAXEU,0,0,/XTKC.GST,SX5E.STX,,,,Azioni,,,FR0000001687,72166325-4E4A-494C-B12D-10CDD198F963
1447,14,STREETTRACKS MSCI EU.C.ST,1214187EU,DAXEU,0,0,/XTKB.GST,SX5E.STX,,,,Azioni,,,FR0000001745,9ED579B1-A82E-4679-9635-88EC64FB91DC
335,1,Clariant N,1214263CH,ZH,1,0,CLN.S,,,,,Azioni,,,,35A35A76-708C-4AC0-AA4F-F1FB814B5EF6
1685,1,RICHCOURT FUTURES INC SHS C SD,1215572,NYSE,0,0,battle17,,,,,Azioni,,,,2B1DCB82-6B13-4B62-998D-3C62FD11DDEC
6,28,Revexus R端ck Vers.,1220152CH,ZH,1,0,1220152CH,,,,,Strutturati,,,,54EC38CF-A53C-41FA-A9E9-1C2D9FD6DA3B
546,1,Holcim N,1221405CH,ZH,1,0,HOLN.S,,,,,Azioni,,,CH0012214059,20CC9184-D36C-400E-8406-2E37E2359ED4
138,1,ABB LTD,1222171CH,ZH,1,0,ABBN.S,,,,,Azioni,,,CH0012221716,2EC71235-5824-4C04-87A6-C38E8D88E1FA
1722,1,10% SNS BANK NETH LKD TO NIKKEI225 18/04/02,1223759,ZH,0,0,bianchi13,,,,,Azioni,,,,D177916A-E51C-4BE1-A908-EA38F86B0042
977,1,Swatch Group I.,1225515CH,ZH,1,0,UHR.S,,,,,Azioni,,,,B16AAF35-CE6C-4E3F-ACB2-C63FC7FCDE9F
1605,1,Pictet Fix Income Fund Eur,1226052,DAXEU,0,0,palace47,,,,,Azioni,,,,042FE5A0-129F-4389-93B9-77FA260639C3
602,1,KUDELSKI I,1226836CH,ZH,1,0,KUD.S,,,,,Azioni,,,CH0012268360,99B2D627-7E6F-4BED-9148-635914DC3855
907,1,Straumann Holding AG,1228007CH,ZH,1,0,STMN.S,,,,,Azioni,,,CH0012280076,ADED29C5-99D4-4DC1-B8AB-E70E07FFB7AA
1778,14,CB-Accent Lux Sicav European Eq,1229856,DAXEU,0,0,1229856,,,,,Azioni,,,,68155BCB-9213-475F-A9F2-C4C3CE858CC7
1780,14,CB-Accent Lux Sicav Far East Eq,1229862,NYSE,0,0,1229862,,,,,Azioni,,,,C3AB305A-C083-4E50-AFB9-1FF173A2C6D3
1488,1,DJ STOXX 600 BANKS EX,1232735EU,DAXEU,0,0,EXV1.XE,,,,,Azioni,,,DE0006289341,880F3165-86DE-4CF9-9C66-40C97F6BA3AB
834,1,Schweiz. Rueck Na,1233237CH,ZH,1,0,RUKN.S,,,,,Azioni,,,CH0012332372,49DE61B2-4D88-4E84-A226-9738AFD5561D
1010,1,Vontobel Common Stock,1233554CH,ZH,0,0,VONN.S,,,,,Azioni,,,CH0012335540,8F51F274-C65D-4721-BD1D-7CDD982B4D9B
1367,1,Micronas Semiconductors,1233742CH,ZH,1,0,MASN.S,,,,,Azioni,,,CH0012337421,87AD9A0A-AFF3-4DF3-9604-4F5108C91B77
277,1,BNP PARIBAS,123397EU,CACEU,0,0,BNP.PA,,,,,Azioni,,,FR0000131104,75D5D5FB-1496-4257-B211-5F8E30885BA2
1730,1,SEZ N,1235206CH,ZH,0,0,SEZN.S,,,,,Azioni,,,CH0012352065,F44BA3BA-DD69-4A39-BFC6-B0B66F60C388
1397,14,Santa Clara Holding Ltd,1236161US,NYSE,0,0,1236161US,,,,,Azioni,,,BSP8459L1057,C1AEFC88-910B-402F-9651-7E156B4C484C
1424,14,Robeco NV,1237582EU,ASEEU,0,0,NL0000289783EUR.SUF,SX5E.STX,,,,Azioni,,,NL0000289783,BF407283-CF81-4AED-A626-B4690F38FD2A
239,1,BALOISE HDL N,1241051CH,ZH,1,0,BALN.S,,,,,Azioni,,,CH0012410517,6F491D93-C32B-46DB-B52F-63DD0065F6F6
1723,1,0% KBC FINANCIAL 28/05/06 LKD TO IVC ASCENT FUND,1241282,DAXEU,0,0,bianchi14,,,,,Azioni,,,,5A153A35-20B0-4EF7-A1D9-377E35722511
1733,14,CL Energy Equity Fund,1242204US,NYSE,0,0,1242204US,,,,,Azioni,,,GB0030559552,D7404C86-8A5D-4E6D-935D-5AE0DE2266CB
1350,1,Temenos N,1245391CH,ZH,0,0,TEMN.S,,,,,Azioni,,,CH0012453913,BBCF5B44-733E-457A-ADBF-C09CED576E20
1661,1,0.5 % Swiss life finance conv 05.07.06,1248522,DAXEU,0,0,bigmac39,,,,,Azioni,,,,4F980ECC-E376-4076-80F3-6879CD415488
648,1,MCI Group SHS Worldcom Inc.,1248673US,NASDAQ,0,0,MCIT.O,,,,,Azioni,,,,3CC60E5D-F5BA-4008-B52B-8C781F746CFF
1801,14,UBS EF Global Innovators,1248700,DAXEU,0,0,1248700,,,,,Azioni,,,LU0130799603,C54D889F-AA25-4D77-BD52-D7A3DB9FAF35
443,1,ENEL,1250633EU,MIBEU,0,0,ENEL.MI,,,,,Azioni,,,,1D856E61-208F-4350-B263-6A26F13F58DA
444,1,ENI SPA,1252314EU,MIBEU,0,0,ENI.MI,,,,,Azioni,,,IT0003132476,0118A32A-1A36-4033-A31A-2EA1DB49C17F
355,1,AT&T Wireless,1253381US,NYSE,0,0,AWE,,,,,Azioni,,,,F5FF0684-3808-458A-95F4-7B4F4FABF51B
1349,1,Phonak N,1254978CH,ZH,1,0,SOON.S,,,,,Azioni,,,CH0012549785,7C694115-B3C9-4D51-B2D7-3434FCD5BC3B
1246,31,CQ Pictet Funds FCP Emerging Markets -P-,1255424US,NYSE,0,0,1255424US,,,,,Azioni,,,,5C5DB71B-91B2-490A-A157-43C973701642
568,1,ING GROEP NV,1256533EU,ASEEU,0,0,INGA.AS,,,,,Azioni,,,NL0000303600,3F8F57D8-1A0C-4FB0-BC5D-BE1A9CF4375F
1230,31,CQ Topix Exchange Traded Fund,1264133JP,TYO,0,0,1264133JP,,,,,Azioni,,,,FDED423A-85D7-44F9-BF84-7D6A3CF4ADB6
1348,1,Nomura Topix ETF,1264134JP,TYO,0,0,1306.T,,,,,Azioni,,,JP3027630007,983CA727-DE00-46AD-82CE-CB8BC9F1517E
1209,26,Fondi Misti GAM Overlay CHF Reserved CL.,1267693CH,ZH,0,0,1267693CH,,,,,Azioni,,,,D76CC823-FA39-4BF9-ABD8-97095D1F0E5E
1769,1,Abengoa,1268457EU,IBEXEU,0,0,ABG.MAC,,,,,Azioni,,,ES0105200416,6BAE9143-2200-43A3-869B-3995461F90FE
1744,15,UBS ETF Eurostoxx 50,1272980EU,DAXEU,0,0,1272980EU,,,,,Azioni,,,LU0136234068,E9E33ED9-C3C3-4268-AEF4-DD1E6BCED42E
816,1,Richemont Common Stock,1273145CH,ZH,0,0,CFR.S,,,,,Azioni,,,CH0012731458,C33B367F-BD2A-41A6-BA2D-519E1E549A11
1215,31,Hedge Funds GAM Trading IV/EUR SHS/EUR,1273754EU,DAXEU,0,0,1273754EU,,,,,Investimenti alternativi,,,,B4EF099F-FF36-4F50-8F41-2478B463B490
1836,14,Unita Gun. Balanced USD,1275829US,NYSE,0,0,1275829US,,,,,Azioni,,,CH0012758295,53493B46-A501-4B2E-9E77-21E1A9C3234C
1777,14,CB-Accent Lux Sicav - Swiss Eq,1281961,ZH,0,0,1281961,,,,,Azioni,,,LU0134886224,4F9CB0A5-2A50-4339-8C03-E65B06415C0A
1662,1,BDG 3 Months USD Libor 2006,1285029,NYSE,0,0,bigmac40,,,,,Azioni,,,,C4497791-7624-4FB3-8023-EFB5A110FADE
1282,1,Shape Capital,1288584CH,ZH,0,0,SHPN.S,,,,,Azioni,,,,5C8A11FC-563A-4C07-BD51-24A84B3BF71A
7,24,TOROs on Novartis AG,1290835CH,ZH,0,1,1290835CH,,,,,Strutturati,,,,219D592B-53A1-4FFD-98B4-ABD417DE7FC0
292,1,BT Group,1292393GBP,LDN,0,0,BT.A.L,,,,,Azioni,,,US05577E1010,3C554BFB-A39F-46A1-9634-06DD1DDA3361
738,1,MMO2 Plc,1292397GBP,LDN,0,0,OOM.L,,,,,Azioni,,,,5F9514E5-D8C5-4FA0-840A-592E93C071C3
329,1,Converium N,1299771CH,ZH,1,0,CHRN.S,,,,,Azioni,,,CH0012997711,65598061-F85B-4C94-AA65-0F3FF570CB43
366,14,LGT AKT EUROPA,130132CH,ZH,1,0,130132CH,,,,,Azioni,,,,4341C492-2AD9-4126-9F8E-0C3FC2357118
8,3,LGT REND,130133CH,ZH,1,0,130133CH,,,,,Azioni,,,,F6175FA3-B090-463F-9CF8-CDE7792C831A
9,24,TOROs on Royal Dutch,1313362EU,ASEEU,0,1,1313362EU,,,,,Strutturati,,,,BDF2DC07-5BC2-4D20-898F-83F14CE132EB
10,24,TOROS on BASF AG,1330286EU,DAXEU,0,1,1330286EU,,,,,Strutturati,,,,922FB6F7-F9AC-4785-AF07-4871F2701974
673,1,Altria Group,1331740US,NYSE,0,0,MO,,,,,Azioni,,,US02209S1033,A0CDFEB2-E221-4433-B5BE-4597E3009660
1841,14,Sparinvest Sicav Global Value,1335786EU,DAXEU,0,0,1335786EU,,,,,Azioni,,,LU0138501191,C0CEEE21-17F9-4560-9ADF-CAB7C7C9DF20
1124,31,GI Program Balanced CSPB,1355670EU,DAXEU,0,0,1355670EU,,,,,Azioni,,,CH0013556706,9AF4CA2D-10DD-4D1D-9049-EA036A703FB7
372,1,UBS Ia,136101CH,ZH,1,1,null3,,,,,Azioni,,,,F1B11764-0C8C-487B-B219-12FDA8FB4C1E
1449,14,INAV UN. I-T. MSCI WORLD,1364047EU,DAXEU,0,0,NAVU.XEI,,,,,Azioni,,,DE0005301089,DCC30CD2-04E5-41D4-83C2-140A1CA1CEF5
1663,1,Gotthard bank cred-call spread EUR/CHF 02.05.02,1366264,DAXEU,0,0,bigmac41,,,,,Azioni,,,,023654F9-595E-491D-BF60-228B60F74EAE
11,24,TOROs ON Swisscom N,1376404CH,ZH,0,1,1376404CH,,,,,Strutturati,,,,0A9BAB99-CB4F-4D36-9F80-A9A66FD405F7
1774,29,F3 Composite Hedge NV - Class B,1377148,DAXEU,0,0,1377148,,,,,Investimenti alternativi,,,ANN3158X1064,C75FD3CB-DBEF-4A25-BC3D-4F7F06597C22
1336,1,Alcon Inc,1382649US,NYSE,1,0,ACL,,,,,Azioni,,,CH0013826497,BEB9A0AB-DE49-4A4C-B49D-1F512F31ED35
1339,1,Wyeth,1382944US,NYSE,0,0,WYE,,,,,Azioni,,,US9830241009,014A1F83-8CA8-4892-9CB0-301EC864F174
626,1,LONZA GROUP AG Common Stock,1384101CH,ZH,1,0,LONN.S,,,,,Azioni,,,CH0013841017,AE723ACB-4355-42A7-9DDD-46AEFCC1EFDD
1068,1,TRAVELER PROP CASUALITY CORP - A -,1387479US,NYSE,0,0,TAP-A,,,,,Azioni,,,,54D5FE50-F9ED-4385-B607-7ECC59003C49
1144,1,Telecom Italia Media,1389920EU,MIBEU,0,0,TME.MI,,,,,Azioni,,,,EE70BE1F-6181-4B78-82B5-F63E1B1F14AB
855,1,Schindler Gs,1391410CH,ZH,1,0,SCHP.S,,,,,Azioni,,,CH0013914103,19F42C1E-646E-45CE-8A10-783494893A7C
1597,1,BDG Cert DJ EUROSTOXX50 Index,1392118,DAXEU,0,0,palace39,,,,,Azioni,,,,BF448E06-1F30-40CD-A5C9-28A3AA5864C1
1664,1,3M CO,1405105,NYSE,0,0,bigmac42,,,,,Azioni,,,,2B78A2B8-107D-48B6-BA83-BFCF9BF4A112
12,24,TOROs on Nokia,1414783EU,DAXEU,0,1,1414783EU,,,,,Strutturati,,,,652BB2EA-F6E9-4068-AE06-5109499D8A2E
1074,1,Agere Systems Inc,1416618US,NYSE,0,0,AGR-B,,,,,Azioni,,,,1FE9C04B-D021-43E4-AE5D-723777A6C104
1560,1,Parkervision Inc,141805,NYSE,0,0,palace3,,,,,Azioni,,,,9111C404-D8E1-445B-B982-678C16ADEF22
379,1,Alusuisse N,141832CH,ZH,1,0,ALUSn,,,,,Azioni,,,,37A2380F-7EA3-450D-94F9-805CE451D1FB
1390,14,Campbell Global Assets B,1427937US,NYSE,0,0,1427937US,,,,,Azioni,,,BSP193031254,ECA1C643-7DE3-4333-853C-3880CD1BC0A5
868,1,Siegfried N,1428449CH,ZH,1,0,SFZN.S,,,,,Azioni,,,CH0014284498,40C1948A-24C1-4D72-B0BC-FC8DC420E60A
1093,1,Medco Health Solutions,1430073US,NYSE,0,0,MHS,,,,,Azioni,,,US58405U1025,50BC9600-7CE3-4340-A820-15F7EF323A03
1770,30,Rights on Nobel Biocare,143844CH,ZH,0,0,143844CH,,,,,Azioni,,,CH0034508470,CE56F605-4210-4208-8C9E-2BC602B3FE46
1674,1,TALENTUM ACTIVEDGE FUND LTD,1439237,DAXEU,0,0,battle8,,,,,Azioni,,,,145C1C12-E46A-4A14-85D6-2D6AF56EA0DA
1574,1,BB Biotech AG,144158,ZH,0,0,palace17,,,,,Azioni,,,,1D140FC1-588F-4983-ABAA-FCDB6B18F5FE
1305,25,SIMA,1442087CH,ZH,0,0,SIMA.S,,,,,Azioni,,,,D9E8123F-BB88-474E-86BB-5B243EB54559
1453,14,Planetarium Int Eq Cap,1446866EU,DAXEU,0,0,LU0149827361,,,,,Azioni,,,LU0149827361,089C1814-D15C-4CA0-A7AD-6A42B7FAFFC0
295,31,Bright Capital European Fund No.3 LTD,1456279US,NYSE,0,0,1456279US,,,,,Azioni,,,,E106B229-919B-4D7B-AF05-13B63D87057D
1487,1,DJ ST.600 IND.GOODS+S.EX,1461747EU,DAXEU,0,0,EXH4.XE,,,,,Azioni,,,DE0006344799,4AA7AE92-81DA-41A1-B2FF-BF220001FFCB
1071,1,TRAVELERS PROPERTY CASUALTIY GROUP -B-,1467171US,NYSE,0,0,TAP-B,,,,,Azioni,,,,62F7F1E3-986E-4DEA-98A8-6DA3A7E0A9B9
1772,1,Kontron AG,1469452EU,DAXEU,0,0,KBC.XE,,,,,Azioni,,,DE0006053952,A6A7006B-5A96-405A-9344-482DE01A22D0
1053,30,Diritti Zuerich,1482485CH,ZH,1,0,ZURZn_r.S,,,,,Azioni,,,,C068574D-C848-438F-A403-1B38F611B13A
799,1,Swiss Life Holding,1485278CH,ZH,1,0,SLHN.S,,,,,Azioni,,,CH0014852781,C1A06BBB-E78D-40D0-BA47-DE18A8E5C8D1
1672,1,SAM THE EVENT DRIVEN FUND CLASS USD,1488096,NYSE,0,0,battle6,,,,,Azioni,,,,58379DC2-E0F0-4636-8D93-F71C7CAA76B9
1676,1,MAN MULTI-STRATEGY CH FUND,1506891,DAXEU,0,0,battle10,,,,,Azioni,,,,2C8339FD-69DB-474B-88DE-8343C4DCC532
340,1,Comcast Corp A,1508590US,NASDAQ,0,0,CMCSA,,,,,Azioni,,,US20030N1019,7A4314FC-C71F-4974-B8FC-C8AE94B3B904
1431,1,Lernout & Hauspie,151044US,NYSE,0,0,LHSPQ.OI,,,,,Azioni,,,,34D4293C-4639-4F88-834C-3C6BFE722051
13,30,Rights on Swiss Life Holding,1517746CH,ZH,1,1,1517746CH,,,,,Azioni,,,,24DD1FD8-B22D-49E7-BA97-09A5F6956454
1295,31,Hedge Funds GAM Multi-Macro FD,1518265EU,DAXEU,0,0,1518265EU,,,,,Investimenti alternativi,,,VGG3721V1141,AE277B95-49CD-43A9-9582-5DBB46F4B93A
1679,1,THAMES RIVER EDO FUND,1526653,NYSE,0,0,battle 12,,,,,Azioni,,,,FBEC006B-E72E-4C6C-AB3A-923EE2D01734
1055,24,TOROs on SIEMENS,1530196EU,DAXEU,0,1,1530196EU,,,,,Strutturati,,,,CEDACF35-69D6-4200-AEF7-12AD11C0B879
1231,31,European Emerging Market Certificate,1533761EU,DAXEU,0,0,1533761EU,,,,,Azioni,,,,8F8B5370-5299-4051-98CB-19ED7493CB5A
1451,14,Lux Inv Fund Sicav Global Growth,1545902EU,DAXEU,0,0,LU0161640627,,,,,Azioni,,,LU0161640627,3667712B-8FC8-4401-BD71-71AC85DDDB7A
1675,1,SILVER SHIELD FUND,1549985,NYSE,0,0,battle9,,,,,Azioni,,,,643417B3-3BC4-4DD8-82B7-6D3472E1A27C
1233,25,Cert. Baer Div.Immobilienfds Basket,1567652CH,ZH,1,0,1567652CH,,,,,Azioni,,,,45BFDB7A-4862-4872-BE21-4218BAE0C952
1615,1,BDG Open End Cert. S&P 500,1568354,NYSE,0,0,palace55,,,,,Azioni,,,,58D3691E-6CBD-4884-B9BB-8907FC4FEC5F
1456,14,Planetarium Alternative Inv Non Voting,1569110EU,DAXEU,0,0,1569110EU,,,,,Azioni,,,BSP7898Q1053,72B68FB4-7913-4B98-B79E-F37847E97EAA
1371,14,HSBC Gif Indian Eq Ac,1578919US,NYSE,0,0,LU0164881194,,,,,Azioni,,,LU0164881194,5FDB40C2-3A65-4E35-B0CC-4A53F95CE7DD
1395,14,Chester Global Strategy Fund Ltd,1583763US,NYSE,0,0,1583763US,,,,,Azioni,,,KYG209451049,284AA9B8-2D0F-418E-9161-0DB7451FA606
1287,31,Hedge Funds GAM Trad/CHF Open Class,1586004CH,ZH,0,0,1586004CH,,,,,Investimenti alternativi,,,VGG3722G1651,2D618068-76E4-48AD-8B75-B0F6E50CD9AE
328,1,EMS-CHEMIE HLD SA,158703CH,ZH,1,0,EMSN.S,,,,,Azioni,,,,99759F48-6B09-45D0-870E-D161B2938B1F
1352,1,Info Architects,1592652US,NASDAQ,0,0,IKU.GBE,NDX.X.X,,,,Azioni,,,US45669R5037,D7F7AB28-C4CE-4018-8789-5CAB0241DCBB
1375,14,LODH EM PREC. MET. & RES. RA,1592968EU,DAXEU,0,0,GB0033211953,,,,,Azioni,,,GB0033211953,0216E491-8706-4484-BB4D-50C14377149E
1727,29,LGT CF Alternative Invest USD,1593583,NYSE,0,0,1593583,,,,,Investimenti alternativi,,,KYG5472E1347,B7520DED-5514-400F-B1BE-D680AA8F166A
1817,1,Merril Lynch Sicav-Global Fundamental Value Fund,1597095,NYSE,0,0,bang2,,,,,Azioni,,,1597095,EE1F404F-1F98-4761-BE3A-D181B7AA2D3A
942,1,Telecom Ita Risp,1602293EU,MIBEU,0,0,TITR.MI,,,,,Azioni,,,IT0003497176,6A3B374A-A68B-4ECD-B6DD-6E5B95072D4C
1761,14,CS EF (Lux) Dividend Europe B,1602759EU,DAXEU,0,0,1602759EU,,,,,Azioni,,,LU0168301355,FB51F188-3E77-40A0-BEAD-5158317F37F7
1085,24,TOROs on Nokia OYJ,1606729EU,DAXEU,0,1,1606729EU,,,,,Strutturati,,,,AD5FDD3A-5A24-4A91-8711-8654FC6D417C
1213,31,Hedge Funds GAM Gamco Hedge USD SHS/USD Class,1610130US,NYSE,0,0,1610130US,,,,,Investimenti alternativi,,,,27F07D62-C1E4-46DF-B0F3-0DFF9A6EE253
1695,1,ABSOLUTE RETURN EUROPE FUND RED PART SHS USD,1618006,NYSE,0,0,battle26,,,,,Azioni,,,,3B7A5A4E-6473-43D5-B39B-3B10E889C656
1670,1,FAIRFIELD REDSTONE FUND-A1,1620042,NYSE,0,0,battle4,,,,,Azioni,,,,5CE1B7A0-3A02-45E2-B12C-874C12F22B5D
1086,24,TOROs on UBS AG,1620122CH,ZH,0,1,1620122CH,,,,,Strutturati,,,,8277D146-7364-4563-85EC-2C00357420A3
1448,14,LODH Market Neutral C EUR,1628352EU,DAXEU,0,0,LU0171520504,SX5E.STX,,,,Azioni,,,LU0171520504,39B9B8CA-705F-4BE1-B377-593348D5D7DA
1677,1,PAULSON INTERNATIONAL LTD SERIES 1,1632996,NYSE,0,0,battle11,,,,,Azioni,,,,7CD46E94-33CC-4CAD-9BDB-02C30C35974F
1636,1,"Stressgen Biotech. ""A""",163427,TSE,0,0,bigmac16,,,,,Azioni,,,,3E1345FA-D0B7-4AD4-8786-8300CF56F113
941,1,Telecom Italia Common Stock,1642910EU,MIBEU,0,0,TIT.MI,,,,,Azioni,,,IT0003497168,6EEE8522-0848-4E6B-8496-2D77218DC60F
1090,24,TOROS on Kon Philips,1643554EU,ASEEU,0,1,1643554EU,,,,,Strutturati,,,CH0016435544,2492B6B1-B854-49CC-AFD4-59094CE6FC65
395,1,Dell Inc.,1647069US,NASDAQ,0,0,DELL,,,,,Azioni,,,US24702R1014,C47425E8-B19B-4644-8953-4A5AAFCF2082
1247,31,Cert. European Financials Basket,1647908EU,DAXEU,1,0,1647908EU,,,,,Azioni,,,,7B48B34E-AF10-402B-829B-90687BF404BB
1694,1,THE NEOM GLOBAL MACRO FUND CLASS B USD,1648509,NYSE,0,0,battle25,,,,,Azioni,,,,F38625CC-297E-48EF-A2F8-5D2A61FFC45E
1245,31,Gold Pro Units EURO (Quanto) II,1652740EU,DAXEU,0,0,1652740EU,,,,,Azioni,,,,04BB2224-84F6-4CC3-A48B-42E82DE596DB
1096,23,TOREROs on Novartis AG Registered Shares,1675665CH,ZH,0,1,1675665CH,,,,,Strutturati,,,CH0016756659,4059A64A-344F-402F-8BAA-2B7F53C8F6D6
1098,23,TOREROs on Royal Dutch Petroleum,1676535EU,ASEEU,0,1,1676535EU,,,,,Strutturati,,,CH0016765353,690500EE-0C57-4127-B95B-3FE2EC2FFB9A
1226,31,Cert. Baer Swiss Recovery Basket,1677450CH,ZH,1,0,1677450CH,,,,,Azioni,,,,EE5798C6-55FA-467A-84F2-0235B5EE6AB4
1134,1,Antena 3 TV,1689696EU,IBEXEU,0,0,A3TV.MAC,,,,,Azioni,,,ES0109427635,16F7757C-227D-42F3-A68A-33E561B9A317
320,1,Travelers Group Inc.,169016US,NYSE,0,0,null4,,,,,Azioni,,,,5FEC86BF-67B5-48B9-A222-4B56E90A7FB5
205,1,Time Warner Inc.,1700642US,NYSE,0,0,TWX,,,,,Azioni,,,US8873171057,CA33291F-31F6-45A5-AE70-30115B696065
1217,31,Hedge Funds GAM Diversity/Non Vtg,1703537EU,DAXEU,0,0,1703537EU,,,,,Investimenti alternativi,,,,27CA13A3-7A86-4FE6-9E57-EC5481E65A69
1218,31,Hedge Funds GAM Multi Mkt Neutr/Non Vtg EUR CL.,1703676EU,DAXEU,0,0,1703676EU,,,,,Investimenti alternativi,,,,6809D754-8202-46F8-9493-F1B2DB645976
1216,31,Hedge Funds GAM Trad V/EUR Non-Voting,1703697EU,DAXEU,0,0,1703697EU,,,,,Investimenti alternativi,,,,E18372CF-DCF8-4E5C-B179-698274D00970
1149,30,Diritti Fischer,1712684CH,ZH,1,0,1712684CH,,,,,Azioni,,,,F5898828-82C8-47F5-AD9D-DE4489E240F3
1152,30,Diritti ABB,1712685CH,ZH,1,0,1712685CH,,,,,Azioni,,,,212E0981-447A-452C-8E9C-55FFD2D47256
1140,23,TOREROs on Zurich Financial Services AG N,1714009CH,ZH,0,1,1714009CH,,,,,Strutturati,,,,8855BAF4-BB2D-4841-96FF-FD7551211F30
1440,14,UBS-ETF SMI,1714271CH,ZH,0,0,FRESMI.S,SMI.S,,,,Azioni,,,CH0017142719,B3873304-BBF7-4662-8F77-4CD1A32DCA8A
327,1,Lindt Spruengli,172007CH,ZH,1,1,null22,,,,,Azioni,,,,D47B75EE-48E3-4E5E-9C83-932C30DEDC3C
1586,1,Integrated silicon solution inc.,172043,NASDAQ,0,0,palace28,,,,,Azioni,,,,C76A0E09-5F5C-49A6-9C6B-C1479ED58458
467,1,Fischer N,175230CH,ZH,1,0,FI-N.S,,,,,Azioni,,,CH0001752309,0B782F45-BCFD-4E17-B1C9-636C6C58EA26
1228,31,Silver Pro Units EURO (Quanto),1760844EU,DAXEU,0,0,1760844EU,,,,,Azioni,,,,888D66B2-944C-4614-8736-04DA40CB9615
1248,31,Cert. Baer US Medicare Opportunity,1766877US,NYSE,1,0,1766877US,,,,,Azioni,,,,19A4E04C-67D6-41AE-BA9D-AC688CB1FB58
1164,23,TOREROs on Swiss Life Holding,1789286CH,ZH,0,1,1789286CH,,,,,Strutturati,,,CH0017892867,7BC2B443-5B5A-4DE4-AE9D-680818C751C8
1298,31,Hedge Funds GAM Multi Arbitrage CCHF N/VTG,1795396CH,ZH,0,0,1795396CH,,,,,Investimenti alternativi,,,VGG372141553,CFFFF479-3442-45D2-9C65-81E54EFA4318
1211,31,Hedge Funds GAM Multi Pacific/USD Resvd CL.,1801197US,NYSE,0,0,1801197US,,,,,Investimenti alternativi,,,,318343F5-64BE-41E5-92C7-7FFC5F8DA05F
1370,16,Japan Real Estate Perles 16-03-06,1811742JP,TYO,0,0,JAPIM-JPY.S,,,,,Strutturati,,,CH0018117421,F421A2CE-871E-4D3F-8676-F2A107DC94F3
1188,29,Index Certificates on CSFB/Tremont Investable Hedge Fund Index,1812095EU,DAXEU,0,0,1812095EU,,,,,Investimenti alternativi,,,XS0188392376,749D31ED-5A14-4812-919A-34E2FC0CE2F8
1682,1,FOCUS ENHANCED ARBITRAGE FUND CALSS A,1817529,NYSE,0,0,battle14,,,,,Azioni,,,,F86B8714-933B-4877-A30B-5D4F0C36A2B8
1197,30,Rights on Holcim,1819027CH,ZH,1,0,1819027CH,,,,,Azioni,,,,20DD1C98-3CDC-404F-BC78-5AAA9D37CB32
1232,25,Cert. Baer Div.Immobilienfds Bskt II,1820126CH,ZH,1,0,1820126CH,,,,,Azioni,,,,38CF62A9-7B63-4FBD-93F1-1C764D31D222
1175,24,TOROs on Nokia OYJ Bearer Shares,1823527EU,DAXEU,0,1,1823527EU,,,,,Strutturati,,,CH0018235272,770F9ADD-19EB-4F1E-B944-BEB187D5E2A8
1765,15,Lyxor Gold Bullion,1831729US,NASDAQ,0,0,GBS.L,,,,,Azioni,,,GB00B00FHZ82,70618426-723C-49B8-BE15-29348E86A720
1198,30,Rights on Swiss Life Holding,1846108CH,ZH,1,0,1846108CH,,,,,Azioni,,,,11B398D5-554C-4335-92B1-58A9F05D9E54
1526,1,Deutsche Postbank,1857493EU,DAXEU,0,0,DPB.XE,,,,,Azioni,,,DE0008001009,6E10FA7C-1826-47A2-9CAE-5E48DDE553BB
1707,1,Synthes,1863105CH,ZH,0,0,SYST.S,,,,,Azioni,,,US87162M4096,D5F67DCE-B1F8-4756-AAF9-EFDA96F794D6
1822,29,BAC Mining Regions,1864915CH,ZH,0,0,1864915CH,,,,,Investimenti alternativi,,,1864915CH,0FACD48C-AFD8-4FD2-B1B4-86E6154A8491
1681,1,YORK INVESTMENT LTD CLASS A,1869258,NYSE,0,0,battle13,,,,,Azioni,,,,4AA7B2AA-C27F-40E9-B646-B3909CF70625
151,1,Acerinox SA Common Stock,1876417EU,IBEXEU,0,0,ACX.MAC,,,,,Azioni,,,ES0132105018,5652458E-990C-4E18-92EF-103D88A1E4A7
1284,31,Cert. on Gold EURO (Quanto) III,1932694EU,DAXEU,0,0,1932694EU,,,,,Azioni,,,GB00B02QG635,9BC4F8C8-FA3D-476D-94DF-6250A4835F31
635,1,Las Vegas Sands,1946078US,NYSE,0,0,LVS,,,,,Azioni,,,US5178341070,74680D1E-9006-4A99-B5BF-09F41333E847
1205,23,TOREROs on Novartis AG Registered Shares,1955439CH,ZH,0,1,1955439CH,,,,,Strutturati,,,CH0019554390,613D7E0B-0A9D-4C19-ADD3-D9E6B565EA88
1227,17,Cert. Baer Swiss Selection Basket,1964070CH,ZH,1,0,1964070CH,,,,,Azioni,,,,FAD61FD5-821D-4B88-BC12-2B1E0DCB8A6E
1884,25,UBS WM Global Property Fund EUR,1968401EU,DAXEU,0,0,1968401EU,,,,,Azioni,,,GB00B0386M46,36C94579-77FD-4302-B8F8-46EB11BCD3C7
1689,1,PARADIGM GLOBAL FUND I LTD CLASS I USD,1973896,NYSE,0,0,battle20,,,,,Azioni,,,,2C916D0B-43D4-4F21-9457-CA84FAD47A46
1948,1,Cintra,1978482EU,IBEXEU,0,0,FER.MAC,,,,,Azioni,,,ES0118900010,AF68C5B1-E20F-4145-BE05-1EAE9001CBFB
1206,23,TOREROs on Nokia OYJ,1979315EU,DAXEU,0,1,1979315EU,,,,,Strutturati,,,CH0019793154,50C8CFB0-4578-4BF8-879F-63DDCAB65B13
804,1,Royal Dutch Shell,1987674EU,ASEEU,0,0,RDSA.AS,,,,,Azioni,,,GB00B03MLX29,8A9C1F4C-2FA0-48CA-921A-EF5EE8544338
1444,14,LODH Invest European Small & Mid Caps Fund A,198795EU,DAXEU,0,0,LU0011823316EUR.SUF,,,,,Azioni,,,LU0011823316,4CF55A78-71D4-4D40-8530-1D68EA314F40
1692,1,MELLON OFFSHORE GLOBAL OPP FUND,1990631,NYSE,0,0,battle23,,,,,Azioni,,,,79441BE1-9E77-4EB4-BF07-B32D9DBB1346
1657,1,Tipico Spa,19948,MIBEU,0,0,bigmac35,,,,,Azioni,,,,7BB8EF7E-5867-41D6-9298-5BA807BACBE1
1207,9,Certificate PLUS su Nokia OYJ,1997006EU,DAXEU,0,0,1997006EU,,,,,Strutturati,,,GB00B040GR45,F83C3D04-2383-4230-B280-D64637AFDE2C
1691,1,GLS OFFSHORE GLOBAL OPP. FUND CLASS BNR S1,1997680,NYSE,0,0,battle22,,,,,Azioni,,,,2F1DB4F5-B37A-4284-93FE-AABAEB98D243
170,1,AGF,201655EU,CACEU,0,0,AGF.PA,,,,,Azioni,,,FR0000125924,3A9A7DF1-3C2B-4D03-86EE-8778638E31B7
1922,29,CA Funds Arbitrage Var 2,2048589US,NYSE,0,0,2048589US,,,,,Investimenti alternativi,,,LU0210817952,B51C0115-5A63-4F06-87F5-1431DEF08748
1306,23,TOREROs on ING Groep,2054049EU,ASEEU,0,0,2054049EU,,,,,Strutturati,,,CH0020540495,4B1CAC63-E2CA-435E-BE12-AA8116B625E9
1398,14,Liongate SPC - Liongate Multi-Strategy Fund,2061549US,NYSE,0,0,2061549US,,,,,Azioni,,,KYG5521W1015,499D29E2-D6E1-4E59-ABDE-C6464A9B7CC5
1775,29,Liongate Multi Strategy Segr. Portfolio,2061551,DAXEU,0,0,2061551,,,,,Investimenti alternativi,,,KYG5521W1197,AD12393A-E919-42D8-A64E-CB5505D153D5
1835,14,Unita Maverick Em Mkt,2062342US,NYSE,0,0,2062342US,,,,,Azioni,,,VGG591441081,CDC30AC9-CC7D-4CEF-9601-6C9992BDB613
1407,1,Daiichi Sankyo,2082619JP,TYO,0,0,4568.T,,,,,Azioni,,,JP3475350009,EC382B67-5075-48F1-835B-26EBE55DCB44
1495,1,Arpida N,2121806CH,ZH,0,0,ARPN.S,,,,,Azioni,,,CH0021218067,0346B069-FA7F-4AD1-8908-9CBB1CCCEBF0
1402,1,Seven & I Holdings,2131750JP,TYO,0,0,3382.T,,,,,Azioni,,,JP3422950000,512D0452-8BC0-46C4-8592-BCBBA3246294
1135,1,Antena 3 TV,2133509EU,IBEXEU,0,0,A3TV.MAC,,,,,Azioni,,,ES0109427734,2E5B3346-A367-42F2-8860-B384D06CE51A
1779,14,Vontobel Emerging Markets Eq,2143009,DAXEU,0,0,2143009,,,,,Azioni,,,LU0218912235,06100814-0DD5-448F-8460-296EFE3EA57D
1498,1,Speedel Holding N,2148388CH,ZH,0,0,SPPN.S,,,,,Azioni,,,CH0021483885,4638AD93-5C06-44C6-81ED-53EC106CF02B
1400,1,Panalpina N,216808CH,ZH,1,0,PWTN.S,,,,,Azioni,,,CH0002168083,8DFDC53B-DB01-446E-849A-1039FD3BE5D3
1823,29,FIM Long-Invest PCC,2177901CH,ZH,0,0,2177901CH,,,,,Investimenti alternativi,,,2177901CH,EDEE3A25-B331-443C-BB0C-347905E89A36
16,4,CS-MMF USD,218485US,NASDAQ,0,0,218485US,,,,,Azioni,,,,9EAF8DCC-49F6-42DC-B55C-A9330C3C15AC
17,4,CS-MMF-CHF,218486CH,ZH,0,0,218486CH,,,,,Azioni,,,,C6DA45F5-7D22-4DB5-9EC6-D223DD4AEE46
261,4,CS-MMF ITL,218491IT,MIB,0,0,218491IT,,,,,Azioni,,,,4A621C8B-C18F-4D0E-B45F-35EAEF0DDEFD
778,1,Banco Popular,2197353EU,IBEXEU,0,0,POP.MAC,,,,,Azioni,,,ES0113790531,28EA3591-11DF-40CC-A4A3-8FD52EE4136E
1703,14,HSBC GIF Korean Equity AC,2201934US,NYSE,0,0,LU0223212266,,,,,Azioni,,,LU0223212266,250A5916-5394-4549-9C63-9694D89813F3
1824,29,GEMS LOW VOLATILITY FUND SICAV,2205950CH,ZH,0,0,2205950CH,,,,,Investimenti alternativi,,,2205950CH,F4EC2320-6160-40B3-9CE5-293C3A603994
1394,14,GEMS PROGRESSIVE FUND SICAV,2206047US,NYSE,0,0,2206047US,,,,,Azioni,,,LU0221730731,9291BE73-13F4-46CA-A690-D65AED1DEFE8
1051,1,Zellweger,221342CH,ZH,1,0,ZEL.S,,,,,Azioni,,,,7CDD05A1-6AA4-4A91-8339-4366628DF2D7
1747,1,ARCELOR MITTAL,2225769EU,CACEU,0,0,MT.AS,,,,,Azioni,,,NL0000361947,5DF45FBE-10DE-4E03-9CC0-754DB09BC2E8
1391,14,AJW OFFSHORE LTD SERIES 08/05,2235208US,NYSE,0,0,2235208US,,,,,Azioni,,,QT0022352089,884AEC80-AB0A-4CC1-892A-701D256278D6
1935,14,Robeco US Premium Equities,2242466US,NYSE,0,0,2242466US,,,,,Azioni,,,LU0226953718,69B40DF0-764B-4B5E-93AD-439A51785F41
1925,29,Active Alpha Fund,2243962US,NYSE,0,0,2243962US,,,,,Investimenti alternativi,,,LU0012181318,6499ED28-ACB5-4503-8185-0D8D9E7B7006
1396,14,Mellon Offshore Global Opportunity Fund Ltd,2249753US,NYSE,0,0,2249753US,,,,,Azioni,,,,70EC8A7D-1ED5-4A20-A315-7F42F7C83852
1548,29,Platinum Global Dividend Fund,2265565,DAXEU,0,0,2265565,,,,,Investimenti alternativi,,,KYG712661118,BAE75229-086A-474C-A12B-9EEF8600C827
1757,1,Schifffahrtsgesellschaft des Vierwaldstaettersees,227567CH,ZH,0,0,227567CH,,,,,Azioni,,,CH0002275672,FF626977-D725-4098-8311-63285B518378
1758,1,Seebad Luzern,229982CH,ZH,0,0,229982CH,,,,,Azioni,,,CH0002299821,F3A3D7A3-A1DA-4372-8DD5-7324DB4104F3
1436,14,LODH Invest - The Europe Fund,230874EU,DAXEU,0,0,LU0049412769EUR.SUF,SX5P.STX,,,,Azioni,,,LU0049412769,8062A255-4847-49D7-A1A0-9F9A6AB8C8D7
925,1,AT&T,230973CH,ZH,0,0,T.S,,,,,Azioni,,,,008310E5-E7C2-4CAC-BEC7-5FE6A0DF8DF6
924,1,AT&T Corp.,2342429US,NYSE,0,0,T,,,,,Azioni,,,,3C0E6AA8-4327-48FD-82FC-B3CCA276960D
675,1,TELENT Plc,2355662GB,LDN,0,0,TLNT.L,,,,,Azioni,,,GB0033354423,9F23AF28-C234-4D43-B29E-9C85AD69CE98
913,1,SULZER N,237645CH,ZH,1,0,SUN.S,,,,,Azioni,,,CH0002376454,AA592D9C-F86D-4616-9880-7E0243352FC5
1878,14,UBS Structured SICAV Rogers Int Commodity,2384315US,NYSE,0,0,LU0239752032USD.SUF,,,,,Azioni,,,LU0239752032,6DCA5082-FF0B-4340-99CC-3623FB8ABA2D
1886,14,CL Energy Equity Fund,2388494US,NYSE,0,0,2388494US,,,,,Azioni,,,LU0240067867,5E695A63-DAA4-4C38-8575-AF8D99793B4B
266,31,LGT PS,241819CH,ZH,1,0,241819CH,,,,,Azioni,,,,12FE3296-D1DE-4233-A73F-F6BFCB01C570
1600,1,Parti Ostvalor,242300,DAXEU,0,0,palace42,,,,,Azioni,,,,40C0B19C-C697-4DDE-9626-FCC2D3A33B8C
1710,1,SASEA HOLDING,243100,ZH,0,0,bianchi1,,,,,Azioni,,,,326EC408-BBAF-436B-88BC-99A4D883E96F
293,1,Bucher HDL I,243217CH,ZH,1,0,BUCN.S,,,,,Azioni,,,CH0002432174,57638EED-CAB3-4ABE-8FEA-560D159F35F3
1571,1,Lagardere Sca,24495,CACEU,0,0,palace14,,,,,Azioni,,,,5E3A3CFA-D770-4EB2-894C-20FAD0978010
1749,14,CL Infrastructure EF,2459821US,NYSE,0,0,2459821US,,,,,Azioni,,,LU0246496953,FE978C2E-DA0F-49CC-9CD2-98987AEDBAD4
1739,14,CL Infrastructure EF,2459827EU,DAXEU,0,0,2459827EU,,,,,Azioni,,,LU0246498066,9ACBFDA6-F9F8-4C0A-8451-8D000EE219FD
1875,29,Pictet Funds Absolute Return Global Diversified,2466816EU,DAXEU,0,0,LU0247079469EUR.SUF,,,,,Investimenti alternativi,,,LU0247079469,9F05715E-BE52-431F-8CDD-042BBE5354A6
1933,14,Pioneer Amer Basic Value,2468868US,NYSE,0,0,2468868US,,,,,Azioni,,,LU0229387542,88872BE7-6429-4877-96BB-12F9427D9817
974,1,UBS AG Na,2489948CH,ZH,1,0,UBSN.S,,,,,Azioni,,,CH0024899483,71A362B7-EAF8-4D23-B21D-20F1EC56E029
1078,1,SGS Surveillance,249745CH,ZH,1,0,SGSN.S,,,,,Azioni,,,CH0002497458,7FA77367-6A07-425D-B016-ED827DF08CDD
1502,30,Rights on Holcim,2533845CH,ZH,0,0,HOLN1.S,,,,,Azioni,,,CH0025338457,2C93EEEF-DA84-4545-A943-58619045E7F8
1543,1,ARKEMA,2536519EU,CACEU,0,0,AKE.PA,,,,,Azioni,,,FR0010313833,48BEAF78-4626-4818-9370-B8D1A036A395
164,1,Aegon NV Common Stock,2545785EU,ASEEU,0,0,AGN.AS,,,,,Azioni,,,NL0000303709,B89047E2-97C3-4B42-800C-C37C70A6DCB9
1928,29,Robeco Flex-O-Rente Fund,2551030US,NYSE,0,0,2551030US,,,,,Investimenti alternativi,,,LU0254675159,87A28C99-BBFA-4C0A-AED2-2A46F015E88E
267,14,UBS EF small+mid caps Japan,255787JP,TYO,0,0,255787JP,,,,,Azioni,,,,ACF8E88A-0388-4C4A-8540-794E84E59B0A
985,1,Unilever NV Common Stock,2560588EU,ASEEU,0,0,UNA.AS,,,,,Azioni,,,NL0000009355,716FDB6C-F2C1-4359-9C57-D80007D6F5C9
1873,14,LODH Invest Euro Zone Small and Mid Caps,2570346EU,DAXEU,0,0,2570346EU,,,,,Azioni,,,LU0256787531,2346E9A7-4CC5-4AD5-AE2D-7960E6766CD5
1827,14,HSBC Global Bric Funds,2574247US,NYSE,0,0,2574247US,,,,,Azioni,,,2574247US,172D6384-9D2E-46E7-9C4C-CAA0A30FF966
1076,1,Logitech N,2575132CH,ZH,1,0,LOGN.S,,,,,Azioni,,,CH0025751329,3FB7333E-1842-4958-873B-8BDB4C312DE5
1930,14,Pictet US EQ Selection,2577128US,NYSE,0,0,2577128US,,,,,Azioni,,,LU0256840108,C1983809-5490-4734-9B24-3D63731B6DAC
1927,29,Sgam Highbridge Stat Fund,2636903US,NYSE,0,0,2636903US,,,,,Investimenti alternativi,,,LU0261335136,D0E4179A-ABE0-4AAC-A830-7067C806D00B
1650,1,Certificato opzione put su Swisscom,2646998CH,ZH,0,0,SCMNP.S,,,,,Azioni,,,CH0026469988,CCB77DAD-6EBD-4533-9651-ABF4D8EC2CFE
1882,14,JPM Global Natural Resources,2685742US,NYSE,0,0,LU0266512127USD.SUF,,,,,Azioni,,,LU0266512127,7C6F841E-EB20-45B4-926A-869D4AC72E8E
1934,14,Robeco Emerging Markets Eq Fund,2723990US,NYSE,0,0,2723990US,,,,,Azioni,,,LU0269635834,60516FBD-3FF6-46FF-B2E6-93DFA9EA22CC
1924,29,Noam Ambition Fund,2725643US,NYSE,0,0,2725643US,,,,,Investimenti alternativi,,,FR0010362897,4A85FA05-B99A-4505-89CC-9F6B27F5682D
1937,14,Fidelity SE Asia Fund,2728957US,NYSE,0,0,2728957US,,,,,Azioni,,,LU0261947096,65D22B2A-681B-41F7-A2E1-20D9A84F9CDB
435,1,Elsevier NV Common Stock,273044EU,DAXEU,0,0,REN.AS,,,,,Azioni,,,,90D8F33E-F459-4815-A42A-985C96639F51
1701,14,CB-Accent Global Equity Fund Cap B,2742261CH,ZH,0,0,2742261CH,,,,,Azioni,,,LU0125515766,3B98653F-3D07-448E-AD1B-F643A005948E
269,31,CS BF Dynamic DEM,277021D,DAX,1,1,277021D,,,,,Azioni,,,,F14DA854-A482-4C65-B069-A42FB88DCF13
1438,14,CS EF High Tech,277256US,NYSE,0,0,CH0002772561USD.SUF,NDX.X.X,,,,Azioni,,,CH0002772561,EEF88710-A69F-4870-BAB3-227964EA8834
20,14,CS EF Pharma,277265US,NASDAQ,1,0,277265US,,,,,Azioni,,,CH0002772652,B6FA3B28-46E1-4E5C-A058-28F741DABE66
1945,14,LUKB Expert-Ertrag,277340CH,ZH,0,0,277340CH,,,,,Azioni,,,CH0002773403,1FDB68BF-95B3-48A7-B613-D837EDB0FC9C
1750,1,Petroplus,2775224CH,ZH,0,0,PPHN.S,,,,,Azioni,,,CH0027752242,441EDF10-F90B-4495-8950-2F78C69E76D2
21,14,UBS EF USA,278840US,NYSE,1,0,278840US,INX.X,,,,Azioni,,,CH0002788401,8468B4E5-4528-4179-8E26-14D2689EA8E0
272,14,UBS EF Japan,278848JP,TYO,1,0,278848JP,N225.I,,,,Azioni,,,,01824530-EC2B-4BB5-8925-4D06A75C9608
1470,14,UBS EF Global CHF,278850CH,ZH,0,0,CH0002788500CHF.SUF,,,,,Azioni,,,CH0002788500,1CB815F1-D95D-4CB9-91F3-7323EA013AC2
1838,14,UBS EF Global USD,278850US,NYSE,0,0,278850US,,,,,Azioni,,,CH0002788500,AC5A4AE7-3ED0-4334-B465-64A374B6D4B9
273,14,UBS EF Great Britain,278865GBP,LDN,1,0,278865GBP,,,,,Azioni,,,,F126CB44-8657-43D3-8421-F662496D81B4
274,14,UBS EF ITALY,278868EU,MIBEU,1,0,278868EU,930.MII,,,,Azioni,,,,C7FDD7F6-714D-4C7F-92AF-39B93FBE4854
1058,14,UBS EF ASIA,278870US,NYSE,1,0,278870US,,,,,Azioni,,,CH0002788708,8C70769D-12B6-42F7-8625-FC79426C60E9
1119,14,CS EF Swiss Blue Chips,278890CH,ZH,1,0,278890CH,SMI.S,,,,Azioni,,,CH0002788906,39C6A360-B62E-4F60-9287-37C2C922A8CF
1099,14,CS EF Prime 50 Europe,278925EU,DAXEU,1,0,278925EU,SX5P.STX,,,,Azioni,,,CH0002789250,2AE2868D-6A2E-455F-805F-2B8A82BED072
1584,1,Onda Asia,279152,ZH,0,0,palace26,,,,,Azioni,,,,F9CE2A1F-7B14-4351-9F1D-3254932F9568
278,14,UBS EF Switzerland,279176CH,ZH,1,0,279176CH,SMI.S,,,,Azioni,,,,EF7F60F1-A6D7-446E-BEB0-6E6B75097087
22,14,UBS EF Fund Germany,279182EU,DAXEU,1,0,279182EU,DAX.XE,,,,Azioni,,,CH0002791827,750CFC50-6016-4B47-9073-E6E593CE1BC4
1476,14,UBS Strategy Fund Yield CHF,279211CH,ZH,0,0,CH0002792114CHF.SUF,,,,,Azioni,,,CH0002792114,FD78F30C-8B62-4597-B0B8-EC9163DD1C4D
24,14,CS EF Swissac,279375CH,ZH,1,0,279375CH,,,,,Azioni,,,,78F30BF1-3701-4771-AFC9-B66A9CF0ACA3
1794,1,FR 20 Schweiz Vreneli,281383CH,ZH,0,0,281383CH,,,,,Azioni,,,CH0002813837,75553459-F411-43A8-9DB3-B5FB97C69F5E
1717,1,South Africa Kruegerrand monete,281624,NYSE,0,0,bianchi8,,,,,Azioni,,,,8AFD45D2-3849-4878-B748-417951A86581
281,14,Asian Tigers Equity Fund ABN,284726US,NASDAQ,0,0,Asian Tigers Equity,,,,,Azioni,,,,4EE93E36-2022-4B2A-A6AE-61873B949C62
1802,14,Global Property Invest Nts Star Compass 08.12.2016,2859849CH,ZH,0,0,2859849CH,,,,,Azioni,,,,3038B85C-E1CA-442F-B732-AE0448C1AF21
1718,1,Argento once,287613,NYSE,0,0,bianchi9,,,,,Azioni,,,,2A10A459-3AFA-4E5D-A8F5-F07CEFFA156F
1720,1,PKB INTERNATIONAL EQUITIES FUND,287770,ZH,0,0,bianchi11,,,,,Azioni,,,,F19CBA5B-CEA5-4929-961F-A1FA6D6DDD8F
1876,29,CS Sicav Total Return Challenger,2900785EU,DAXEU,0,0,LU0285060587EUR.SUF,,,,,Investimenti alternativi,,,LU0285060587,9742B4D8-0CCC-4E8A-AC38-77AC7B02BBE1
238,1,Julius Baer,2975865CH,ZH,0,0,BAER.S,,,,,Azioni,,,CH0029758650,27623E36-9674-4BA3-9F61-A46EAC9F7E42
618,1,Liechtensteinische Landesbank AG,3019524CH,ZH,1,0,LLB.S,,,,,Azioni,,,LI0030195247,63941A5D-2D61-46C4-B943-5C22417A8E34
1721,1,GUIDANT CORP,306375,NYSE,0,0,bianchi12,,,,,Azioni,,,,F471914B-182B-4C97-B34D-807B68E52955
1764,1,Covidien Ltd,3196412US,NYSE,0,0,COV,,,,,Azioni,,,BMG2552X1083,0F03CB86-3AA1-4A09-9C65-9E3C2898ABCE
1762,1,Tyco Electronics Ltd,3202239US,NYSE,0,0,TEL,,,,,Azioni,,,BMG9144P1059,24E0A4BA-DD38-41E6-9B22-A5E97ED79154
1877,1,Cominvest Fondak,322378EU,DAXEU,0,0,HJVD.F,,,,,Azioni,,,DE0008471012,D0DD9B47-70C7-438C-A9F7-41E888A81E3F
191,1,Allianz AG,322646CH,ZH,0,0,ALV.S,,,,,Azioni,,,DE0008404005,C91AA62D-1303-4ECD-826F-3C4030B77E3B
189,1,ALLIANZ AG,322646EU,DAXEU,0,0,ALV.XE,,,,,Azioni,,,DE0008404005,7A0A4374-8520-47DB-9434-61BA00E3F324
284,1,STMicroelectronics,322853EU,CACEU,0,1,null23,,,,,Azioni,,,,AE8E0527-D8DF-44F5-9EE8-B18FB7800C4F
242,1,BASF AG,323600EU,DAXEU,0,0,BAS.XE,,,,,Azioni,,,DE0005151005,4737790B-1B7E-4E67-95A9-723F01248151
286,1,Bayer AG Leverkusen,324230CH,ZH,0,0,BAYG.S,,,,,Azioni,,,,D3EB5174-97EC-4374-9926-48F308FDC03C
246,1,BAYER AG,324230EU,DAXEU,0,0,BAY.XE,,,,,Azioni,,,,B7ABA52C-C250-4936-9EC9-6213DFF04ED0
1832,14,Ishares II PLC MSCI Europe,3246398EU,DAXEU,0,0,IE00B1YZSC51EUR.SUF,,,,,Azioni,,,IE00B1YZSC51,FD180CCE-5EB6-4787-8D1A-FDAEACBF066B
910,1,STMicroelectronics,324774EU,CACEU,0,0,STM.PA,,,,,Azioni,,,NL0000226223,3336D3A4-7C11-46F4-8C53-913E7349B29E
1166,1,STMicroelectron Common Stock,324774MI,MIBEU,0,0,STM.MI,,,,,Azioni,,,NL0000226223,15F2A4C3-833F-47CD-84B9-9C536B350C28
1620,1,British Sky Broadcasting Plc,325444,LDN,0,0,bigmac1,,,,,Azioni,,,,560D4431-E575-44A1-9420-B9809D6A4474
1031,1,Washington Mut Common Stock,325959US,NYSE,0,0,WM,,,,,Azioni,,,,D2BB01E4-B035-4CA5-A64D-686485516C5C
291,1,Commerzbank AG,327650D,DAX,0,1,null45,,,,,Azioni,,,,92EC9E7B-8826-4FC5-8891-DAC24AB6C38C
307,1,Commerzbank AG,327650EU,DAXEU,0,0,CBK.XE,,,,,Azioni,,,,C5C0AE00-54B6-416A-A315-5D3FAFDAF5F9
197,1,Daimler Benz AG,328135CH,ZH,0,1,null24,,,,,Azioni,,,,B5812669-05D4-4CCE-960C-2A275699C2BF
198,1,Daimler Benz AG,328135D,DAX,0,1,null25,,,,,Azioni,,,,82C4BF7F-8891-4074-9B13-6070419CDDF7
199,1,Deutsche Bank AG,328500D,DAX,0,1,null44,,,,,Azioni,,,,4E20F129-95B6-4CDC-BEF6-55AD6135B2DE
200,1,Deutsche Bank AG,328500EU,DAXEU,0,1,null26,,,,,Azioni,,,,5A2C53A3-859A-4DD6-B729-1297A55B1412
1634,1,SBC Comm Inc.,330544,NYSE,0,0,bigmac14,,,,,Azioni,,,,0D8CC9E7-DA14-44E9-A284-124B9CB2FCCC
415,1,Dresdner Bk AG,330650D,DAX,0,0,DRSDn.DE,,,,,Azioni,,,,38F9AD99-79A2-4758-B72F-F2F28B6477CF
202,1,Hoechst AG,332290EU,DAXEU,0,1,null43,,,,,Azioni,,,,F957FFF6-CE05-46F4-867B-1EC87CECC8BA
174,1,AHOLD,3333424EU,ASEEU,0,0,AH.AS,,,,,Azioni,,,NL0000331817,4BB36F03-B2D0-412D-87EB-610670C4ACDC
143,1,Barrick Gold Common Stock,337680US,NYSE,0,0,ABX,,,,,Azioni,,,CA0679011084,1270BDC4-1E9A-495C-AB37-D0F4966AE928
1595,1,KALI UND SALZ AG,337898,DAXEU,0,0,palace37,,,,,Azioni,,,,D528C59D-D7E3-4F7F-A007-7BA9C58DD0D6
1656,1,Banco di Desio e della Brianza SPA,338638,MIBEU,0,0,bigmac34,,,,,Azioni,,,,EA00585C-62E8-4C73-B84D-686A7CC7106C
1879,14,UBS EF FCP Em Mkt Infrastructure,3393490US,NYSE,0,0,LU0322492728USD.SUF,,,,,Azioni,,,LU0322492728,EB01AE87-7D52-4A6F-A177-5B80A93CB8D3
614,1,LINDE AG,340045EU,DAXEU,0,0,LIN.XE,,,,,Azioni,,,,BB05FD52-BAEE-4D2C-BBC3-343C5A80CADE
204,1,Mannesmann AG,340650EU,DAXEU,0,1,MMNGn.DE,,,,,Azioni,,,,D323C19B-83F3-4704-8A15-3E41475BE956
1292,31,Hedge Funds Multi US FD/EUR,340772EU,DAXEU,0,0,340772EU,,,,,Investimenti alternativi,,,VGG3716Q1129,44D75F6C-1F10-42F5-80A1-89FC35ED4FDE
639,1,MAN AG,340813EU,DAXEU,0,0,MAN.XE,,,,,Azioni,,,,7AC8BC74-06A5-4BB5-B3C1-7033A4CFD7D3
684,1,M端nchener R端ckvers.,341960EU,DAXEU,0,0,MUV2.XE,,,,,Azioni,,,,D5CDC6BE-F55F-478E-B4EE-A8C5AC9D6B27
782,1,Preussag AG,344930EU,DAXEU,0,1,TUI.XE,,,,,Azioni,,,,17B99303-096B-45E7-ADC5-CE9A0DFC3E7C
843,1,SAP AG,345952EU,DAXEU,0,0,SAP.XE,,,,,Azioni,,,DE0007164600,F8F1CB5A-C493-488D-922B-D700E73AA36D
844,1,SAP AG,345952ZH,ZH,0,0,SAP.S,,,,,Azioni,,,DE0007164600,4B1A6F42-FA1A-4A68-B530-2B0B16744D66
211,1,SAP AG VZ,345953EU,DAXEU,0,1,null27,,,,,Azioni,,,,57E0FEA3-B1A1-4CF2-BBB4-39468765A769
853,1,Schering AG,347045EU,DAXEU,0,0,SCH.XE,,,,,Azioni,,,,2FFE670B-8CC7-412D-9138-8FCF08B2E77F
1365,14,ENR RUSSIA INVEST,347166CH,ZH,0,0,GRO.S,,,,,Azioni,,,CH0003471668,5383F12A-FCD3-4B36-B4ED-16ED83FAB95C
213,1,SIEMENS,347964D,DAX,0,1,null42,,,,,Azioni,,,,AE6A80D0-DF02-493B-B4A5-2AF75DB7C823
214,1,SIEMENS,347964EU,DAXEU,0,1,null28,,,,,Azioni,,,,D76ACB06-80EF-499B-8795-F5C4A5A50032
1061,14,UBS EF GERMANY UI,348095EU,DAXEU,0,0,348095EU,,,,,Azioni,,,,EDA89F46-7ED5-4D28-A244-101125C406CC
29,14,CS EF European Blue Chips,349506EU,DAXEU,0,0,349506EU,SX5P.STX,,,,Azioni,,,LU0055729916,DCBF736F-FB10-4A18-8AAA-23F1BD5BD288
1469,14,CS EF Spain B,349514EU,IBEXEU,0,0,LU0055731656EUR.SUF,,,,,Azioni,,,LU0055731656,84D9C356-9ACF-4979-8FC8-4628133D3323
217,14,CS EF GER,349518D,DAX,0,0,349518D,,,,,Azioni,,,,97CCB33D-B4B8-4376-B4D9-B091B865A9E0
1467,14,CS EF France B,349525EU,CACEU,0,0,LU0055732209EUR.SUF,,,,,Azioni,,,LU0055732209,5E497848-368B-4529-8DF9-6A32FE58BC33
30,14,CS EF USA,349533US,NYSE,0,0,349533US,,,,,Azioni,,,,3B707AF3-15AC-4C68-909B-618C26E54532
1468,14,CS EF Netherlands B,349541EU,ASEEU,0,0,LU0055734080EUR.SUF,,,,,Azioni,,,LU0055734080,EEC84EAD-C303-4CAE-977E-8BEA90571C0D
1621,1,Thyssen Ag,350060,DAXEU,0,0,bigmac2,,,,,Azioni,,,,007E0F3A-9247-49A8-A0CF-92722FDF0BF1
1457,1,Kuoni Reisen Holding SA,350485CH,ZH,0,0,KUNN.S,,,,,Azioni,,,CH0003504856,9FF5B6B2-D83D-4E1A-94E2-5F4BAF2A0627
446,1,E.ON,351020CH,ZH,0,0,EONG.S,,,,,Azioni,,,,29659385-CA11-42ED-B228-E0EB35E54B1E
220,1,E.ON,351020D,DAX,0,1,null41,,,,,Azioni,,,,A92EB344-648D-473E-A2CE-F448DA0C1FA3
445,1,E.ON,351020EU,DAXEU,0,0,EOAN.XE,,,,,Azioni,,,DE0007614406,544A9738-1A77-4122-AE6C-7C98B5BD93C5
1013,1,Volkswagen AG,352780CH,ZH,0,0,VW.S,,,,,Azioni,,,,F1471C60-63B9-4021-A24F-004CE08F51EE
1011,1,Volkswagen AG,352780EU,DAXEU,0,0,VOW.XE,,,,,Azioni,,,DE0007664005,CFDB15EC-F378-419B-BF8B-9F10914EC461
224,1,BASF AG,353600D,DAX,0,1,null20,,,,,Azioni,,,,1CCFE64A-405C-4C87-A5E5-711CB3508C4D
871,1,SGL Carbon,355063EU,DAXEU,0,0,SGL.F,,,,,Azioni,,,,6BDE62E3-B3A1-43AE-8431-05F66AE3DE7D
226,14,LGT AKT SPEZ.,356692US,NASDAQ,0,0,356692US,,,,,Azioni,,,,BCDD3178-43F7-49D8-AF4B-1AE405A91AD0
147,1,Autostrade Conc. E Costr. Autostrade,357775EU,MIBEU,0,0,AUTO.MI,,,,,Azioni,,,IT0000242948,CDDDBAC5-C7AB-4507-9B11-4B73E38149FE
1442,14,JPM US Small Cap Growth A dist-USD,358435US,NYSE,0,0,LU0053671581USD.SUF,,,,,Azioni,,,LU0053671581,2DAC6F61-D04D-491D-B1BE-A64641597278
1443,14,JPM America Equity A dist-USD,358437US,NYSE,0,0,LU0053666078USD.SUF,,,,,Azioni,,,LU0053666078,141A1334-6BD1-4811-9366-DFC37A770E9E
1462,1,Super de Boer NV,3640946EU,ASEEU,0,0,SDB.AS,,,,,Azioni,,,NL0000340776,41DB7388-6FE2-40E3-9665-6D5D7227D7FD
228,1,Simint SpA,370717EU,MIBEU,0,0,SIMI.MI,,,,,Azioni,,,,8A6ACF5F-EABF-48C9-B6DA-9821FB39242C
1653,1,Vasomedical Inc.,371028,NYSE,0,0,bigmac31,,,,,Azioni,,,,967BEC26-4FBE-41EF-976B-10AED5D60D04
1638,1,Barclays Plc,371770,LDN,0,0,bigmac18,,,,,Azioni,,,,DCAB55CC-9924-4C45-9084-C2ABBD57929E
245,1,British Airways,374255GBP,LDN,0,0,BAY.L,,,,,Azioni,,,,6CB5114A-65BD-42DC-8524-DCFA14315A78
1411,1,FEI Co,374733US,NASDAQ,0,0,FEIC,,,,,Azioni,,,US30241L1098,D491281D-3C9D-4C1B-9C51-0CC18D9EF9C5
230,1,Zurigo Na,375028CH,ZH,1,1,null5,,,,,Azioni,,,,64E3FD9A-48CF-4976-9ADA-179E91A51D7A
231,1,WorldCom,375270US,NASDAQ,0,1,null30,,,,,Azioni,,,,E87C1FAD-975D-47A7-B351-3F4E48FB5418
1558,1,British Telecom Plc,375489,LDN,0,0,palace2,,,,,Azioni,,,,048DD406-E170-401A-A2AD-CEC89F43A0B5
1515,1,Nobel Biocare,3785164CH,ZH,0,0,NOBN.S,,,,,Azioni,,,CH0037851646,4FE3A28E-321F-4262-A116-2DEC092336BA
1887,14,CL Luxury Goods EF,3786484EU,DAXEU,0,0,3786484EU,,,,,Azioni,,,LU0348402537,17CB231B-DB3B-4D31-BE1E-94B2F5D3A475
1581,1,CGNU PLC,379609,LDN,0,0,palace23,,,,,Azioni,,,,DE9EAC8F-2B6C-45FA-9A66-1A7A2B727B21
1582,1,QLT Phototherapeutics Inc.,380517,TSE,0,0,palace24,,,,,Azioni,,,,070DCE47-1FA4-4B9A-8E06-1590B1946783
1374,14,Investec GBL Energy FD A,387029US,NYSE,0,0,387029US,,,,,Azioni,,,GB0003970141,D2415D67-E0D9-4A57-9A30-C73643EC1C85
697,1,Nestle Na,3886335CH,ZH,1,0,NESN.S,,,,,Azioni,,,CH0038863350,A932E12E-9CFB-44EE-85FB-CD302BE14047
1828,1,Electronic Materials,389915,NYSE,0,0,bang6,,,,,Azioni,,,389915,008F02DE-0D47-4495-AEA3-2BD750411688
1830,1,Freeport McMoran Copper & Gold Inc,391280,NYSE,0,0,bang8,,,,,Azioni,,,391280,54F56E36-0DE9-4EC3-A4C5-40F8F85EB002
1795,30,Rights on UBS,3991389CH,ZH,0,0,3991389CH,,,,,Azioni,,,CH0039913899,124E7AD7-3E92-431D-8089-2D0AB7A490BA
785,1,Prudential Common Stock,401267GB,LDN,0,0,PRU.L,,,,,Azioni,,,GB0007099541,0395E74E-D352-4B4F-9057-F487572B5B6B
803,1,Royal Bk Scotld Common Stock,403197GB,LDN,0,0,RBS.L,,,,,Azioni,,,GB0007547838,A7D8E7AD-176D-4BE1-B472-F48EE8B9DA70
1583,1,J. Sainsbury Plc,403712,LDN,0,0,palace25,,,,,Azioni,,,,710559AA-4B5D-4ACB-BDAF-01FF1F03CE35
33,14,CSFB DJ Euro Stoxx50,405606EU,DAXEU,0,0,405606EU,,,,,Azioni,,,,160BE93A-AF49-49D4-B04B-78E0942D7452
1567,1,Anormed Inc,405964,TSE,0,0,palace10,,,,,Azioni,,,,955E4445-4997-4FD0-BEF7-C96751CEDB9F
552,1,HSBC Common Stock,411161GB,LDN,0,0,HSBA.L,,,,,Azioni,,,GB0005405286,04E71D1B-7627-4750-BC94-6F1D6220B56D
1626,1,Thyssen Krupp Ag,412006,DAXEU,0,0,bigmac7,,,,,Azioni,,,,D6CAD68C-ABB1-4AE4-B2C2-575CEC1628DA
233,3,CS BF Short Term,415448CH,ZH,0,0,415448CH,,,,,Azioni,,,,AA4868E2-93E1-49FD-87CB-16FF57EB5242
1690,1,YORK INVESTMENT LTD CLASS A SERIES 1 2002,415772,NYSE,0,0,battle21,,,,,Azioni,,,,A253189C-970E-48FF-A0E9-224B77554EFF
1637,1,TERA COMPUTER,415981,NYSE,0,0,bigmac17,,,,,Azioni,,,,CE068FDF-5358-497F-AA6D-B187B594CE7D
1009,1,Vodafone Group Common Stock,416029GB,LDN,0,0,VOD.L,,,,,Azioni,,,GB0007192106,691D7A24-0070-4ED5-BB17-2ED35724BDDE
1485,14,HSBC GIF Indian Equity AD,417871US,NASDAQ,0,0,LU0066902890,,,,,Azioni,,,LU0066902890,F48A38B7-2FD0-428A-B287-A2248C731A81
235,1,SBC Na,42204CH,ZH,1,0,null6,,,,,Azioni,,,,CD6DDD9E-6355-44F8-BD88-7AA7A708A245
1648,1,LYNX Therapeutics Inc,435012,NYSE,0,0,bigmac28,,,,,Azioni,,,,43831C00-D81A-4D8C-9B50-E64B16B8EAC0
1842,29,Orpheus F3 Fund Class B,4383571EU,DAXEU,0,0,4383571EU,,,,,Investimenti alternativi,,,ANN681722172,61CE8523-2942-4E7E-B7A9-EF572DBD2131
37,14,INVESCO GT Small Companies Series -A-,44102US,NASDAQ,0,0,44102US,INX.X,,,,Azioni,,,,BD64463E-0AAE-4896-A669-62A1CC748B1A
35,14,Invesco GT Jap Fund A,44225US,NASDAQ,0,0,44225US,N225.I,,,,Azioni,,,,7D19AAD5-E9F1-486D-B77A-386F44B715C1
1283,1,Creinvest SA,442297CH,NYSE,0,0,CRE-USD.S,,,,,Azioni,,,,1C58B497-5D38-4628-8407-40AC1E222CE4
1103,31,GT Honshu -A-,44266US,NASDAQ,0,0,44266US,,,,,Azioni,,,,3048099C-5771-4D7E-B9EC-0F6013D519C0
240,31,GT TECHNOL -A-,44280US,NASDAQ,0,0,44280US,,,,,Azioni,,,,214B69EE-A348-41FE-B4F2-2DCE6D7F4CAC
241,1,Novartis Ia,445885CH,ZH,1,1,null21,,,,,Azioni,,,,33309A28-608D-4D56-A6CD-009FA59726EF
632,1,Lucent Tech.,448595US,NYSE,0,0,LU,,,,,Azioni,,,,800C805A-F1EE-4539-B778-3807726BFF1C
1800,1,Reinet Investment,4503016EU,DAXEU,0,0,RNT.GMU,,,,,Azioni,,,LU0383812293,E013862D-DEF5-4EEE-92F1-D963F1B4D0A6
902,1,SPY,45088US,NYSE,0,0,SPY.A,,,,,Azioni,,,US78462F1030,684380F3-FEE1-484B-97EA-690EDE548DD5
1825,29,Orpheus F3 Fundclass,4516530EU,DAXEU,0,0,4516530EU,,,,,Investimenti alternativi,,,4516530EU,B0C37D2F-8435-47AB-9982-ADC6FECE5DBA
1885,1,Cell Therapeutics,4536046US,NYSE,0,0,CTIC.O,,,,,Azioni,,,US1509345039,F4F796F5-B859-478E-8ADD-E136308F3534
244,14,JB Special German Stock Fund,456713EU,DAXEU,0,0,456713EU,,,,,Azioni,,,,D15635B9-34EA-46D4-8C55-BD70E4988A9B
331,1,Ciba Special Common Stock,4604230CH,ZH,0,0,CIBN.S,,,,,Azioni,,,CH0046042302,B9F146C7-106F-4105-B9DE-9C925036FFF8
722,1,Novo Nordisk ADR,461641US,NYSE,0,0,NVO.N,,,,,Azioni,,,US6701002056,3BC21211-B0A9-4199-86B0-0D4208384B5B
1304,31,iShares DJ US Hlth Sec Index,464287762US,NYSE,0,0,IYH,,,,,Azioni,,,US4642877629,16334E30-247C-4C31-94EF-54C85D8579F3
625,1,Logista SA,467061EU,IBEXEU,0,0,LOG.MAC,,,,,Azioni,,,ES0160973014,9485A2A7-9B79-496D-8A5A-BABBF350F5CD
148,14,UBS EF Central Europe,469164EU,DAXEU,0,0,469164EU,,,,,Azioni,,,,2154724E-85C7-47DD-B0C0-246697CFC42E
706,1,Nokia OYJ,472672EU,DAXEU,0,0,NOK1V.OMX,,,,,Azioni,,,FI0009000681,D0570CF2-E283-48B5-9B78-59A55E7816CA
705,1,Nokia Corp ADR,472721US,NYSE,0,0,NOK.N,,,,,Azioni,,,US6549022043,C1A7619B-3720-4F7E-93D6-A868969BF3AD
1472,14,UBS Strategy Fund Yield EUR,47453EU,DAXEU,0,0,CH0000474533EUR.SUF,,,,,Azioni,,,CH0000474533,2D6C14A6-A356-4480-8DFB-A379A78E3304
1475,14,UBS Strategy Fund Balanced EUR,47454EU,DAXEU,0,0,CH0000474541EUR.SUF,,,,,Azioni,,,CH0000474541,57175034-2975-4CF6-8AC3-1DCF1FEB33B5
1866,1,Time Warner Cable,4748934US,NYSE,0,0,TWC,,,,,Azioni,,,US88732J2078,7758585E-A641-428E-B35D-39B7266FD6E2
1710,1,DH Taipan Portfolio,479844,ZH,0,0,bianchi15,,,,,Azioni,,,,BA390676-74BA-433F-9208-DDC26E5A82BD
1435,14,LODH Korea & ASEAN P,479844CH,ZH,0,0,CH0004798440CHF.SUF,,,,,Azioni,,,CH0004798440,558086DD-A6E9-47CE-AB00-C39324FBB61D
144,1,ACCOR,485822EU,CACEU,0,0,AC.PA,,,,,Azioni,,,,BEAB9A8C-15D5-400D-AA56-7A94885ED4C8
1579,1,Alcatel,485864,CACEU,0,0,palace21,,,,,Azioni,,,,B353B0ED-E9E0-46F3-B096-33B2AB955EDE
325,1,Alcatel PS,485864CH,ZH,0,0,AAC.S,,,,,Azioni,,,,8FC3BC94-3025-448B-9A68-39D27E6D9C06
324,1,Alcatel,485864EU,CACEU,0,0,ALU.PA,,,,,Azioni,,,,B2DB311B-6068-476B-BF17-CA6E4AE796D3
1598,1,AXA Paris,486352,CACEU,0,0,palace40,,,,,Azioni,,,,13F9D699-8C9C-45BF-90CD-8539837581A4
384,1,Groupe Danone Common Stock,487663EU,CACEU,0,0,BN.PA,,,,,Azioni,,,FR0000120644,38E54611-8E92-465C-AD56-3F49F48524F8
301,1,CAP Gemini,488070EU,CACEU,0,0,CAP.PA,,,,,Azioni,,,,AC889839-1EE8-44BE-9572-072CF5FB010C
302,1,Carrefour,488167EU,CACEU,0,0,CA.PA,,,,,Azioni,,,,0498F3A9-313C-4B6D-8981-428EAB03E3F8
873,1,CIE DE SAINT-GOBAIN,490580EU,CACEU,0,0,SGO.PA,,,,,Azioni,,,,FA510F23-C728-402E-B3D2-E9B85DF81708
1810,30,Rights on Unicredito,4941190EU,MIBEU,0,0,4941190EU,,,,,Azioni,,,IT0004437536,1FA15B8C-3089-4E5C-AC2C-1D0D3F2246D4
1622,1,British Energy Plc,494199,LDN,0,0,bigmac3,,,,,Azioni,,,,BA57FF46-3287-4F25-9F4D-27934052DBB9
1923,29,Pimco Total Return Bond,498312US,NYSE,0,0,498312US,,,,,Investimenti alternativi,,,IE0005300243,0B1EB5A7-2BCC-47AC-BCC2-7C935A6F59AD
1347,29,PTG.SHS THEMA INTERNATIONAL FUNDS,498704US,NYSE,0,0,498704US,,,,,Investimenti alternativi,,,,32324D22-A580-42F7-83AB-2AC029A6680A
178,1,AIR LIQUIDE,502455EU,CACEU,0,0,AI.PA,,,,,Azioni,,,,240F098A-C626-4655-AA19-703D8D2DECEB
740,1,L Oreal Common Stock,502805EU,DAXEU,0,0,OR.PA,,,,,Azioni,,,,2E092E84-6BAA-41BF-93E0-93DA4A01B0F7
1684,1,SAM THE VOLATILITY DRIVEN FUND,503473,NYSE,0,0,battle16,,,,,Azioni,,,,CB09A1D7-C5BE-4DF2-80BB-D96BA9DF03D0
1629,1,"AT & T CORP ""A"" Liberty Media",503492,NYSE,0,0,bigmac10,,,,,Azioni,,,,408BF914-77E8-4AA6-9AA4-FD36524ED3E9
1613,1,NASDAQ 100 TRUST SERIES,503594,NASDAQ,0,0,palace53,,,,,Azioni,,,,D210CA11-6483-4084-9BC2-7CA73FE46A0D
1280,31,Nasdaq-100 Trust Series,503594US,NYSE,0,0,QQQQ,,,,,Azioni,,,US73935A1043,C74E926E-8EC3-4457-8D56-49E22397EAB7
603,1,LAFARGE,504482EU,CACEU,0,0,LG.PA,,,,,Azioni,,,,FAE4C74D-511E-4218-A9B0-DCD487463BF1
1433,14,LODH Swiss Cap (ex-SMI),506782CH,ZH,0,0,CH0005067829CHF.SUF,SXGE.S,,,,Azioni,,,CH0005067829,4BB8F442-81E6-4489-834C-3C7F538BF8D3
636,1,LVMH Common Stock,507170EU,CACEU,0,0,MC.PA,,,,,Azioni,,,FR0000121014,C755598E-6544-4A31-9307-2D512082B413
854,1,Schneider Electric,509120EU,CACEU,0,0,SU.PA,,,,,Azioni,,,FR0000121972,4B013A2F-9CED-4556-B330-4F671DE8EB17
166,1,Rhone - Poulenc A,511029EU,CACEU,0,1,null7,,,,,Azioni,,,,ABA37FE6-E7B9-4CE6-8F03-CCE7D126650A
1101,14,UBS EF Singapore,512615US,NYSE,0,0,512615US,STI.I,,,,Azioni,,,,2E69A667-6773-4AA4-AEE8-EA980095233C
1471,14,UBS EF Biotech B,512723US,NYSE,0,0,LU0069152568USD.SUF,,,,,Azioni,,,LU0069152568,3142809D-214E-4F96-B1BD-66E8D1C8286D
45,14,UBS EF Fund Euro Stoxx50,512725EU,DAXEU,0,0,512725EU,SX5E.STX,,,,Azioni,,,LU0072912990,D26D8FC1-D02E-4869-A231-D8D5193E9F00
1413,14,UBS (Lux) ESicav USA Value (USD) B,512728US,NYSE,0,0,LU0070848113,,,,,Azioni,,,LU0070848113,F7A5973D-45BE-4EB8-B226-12BBA0687291
1753,1,Willis Lease Finance,519101US,NYSE,0,0,WLFC.O,,,,,Azioni,,,US9706461053,D4326B94-93C8-42DC-82EA-3760B66169F7
892,1,SOC GEN,519928EU,CACEU,0,0,GLE.PA,,,,,Azioni,,,FR0000130809,9B69551B-ACA0-40E7-8384-4808701C51AA
363,1,Rolo Banca 1473,520872EU,MIBEU,0,0,CROI.MI,,,,,Azioni,,,,85C4CCED-9F27-4D2D-B93E-A02404979AF1
420,1,Durban Roodepoort,521514SA,JB,0,0,DURJ.J,,,,,Azioni,,,,B86358C6-4B2E-4597-B8C8-8FFCE223CD7F
1599,1,Suez Nanterre,522001,CACEU,0,0,palace41,,,,,Azioni,,,,10215322-67A6-4358-ABF8-949C66582B2E
953,1,TotalFinaElf Common Stock,524773EU,DAXEU,0,0,FP.PA,,,,,Azioni,,,,52A6F577-060F-499C-974E-53D1B51B23B8
1669,1,FOCUS ARBITRAGE FUND,529247.9,NYSE,0,0,battle3,,,,,Azioni,,,,27F603C2-5701-4AA2-92BE-DA5E61099358
1473,14,UBS Strategy Fund Equity CHF,529255CH,ZH,0,0,LU0071007289CHF.SUF,,,,,Azioni,,,LU0071007289,F3AA87E0-4D94-44EE-A2F7-875E43C23457
1630,1,TCI Sat Enterteinment Inc.,546368,NYSE,0,0,bigmac11,,,,,Azioni,,,,AF9E423B-9F39-4ED6-9236-587B3D0253F6
1062,14,UBS EF Greater China,547581US,NYSE,0,0,547581US,,,,,Azioni,,,LU0072913022,E5F1E98F-472D-4B93-94E0-13EBCDA5655D
171,1,Synthes-Stratec,551581CH,ZH,1,0,SYST.S,,,,,Azioni,,,,90F63DC5-9F87-4BED-975E-6C3724734146
882,1,Schlumberger Ltd Common Stock,555100US,NYSE,0,0,SLB,,,,,Azioni,,,AN8068571086,F6237313-15DF-49D0-926F-B0F42AB6D336
1759,1,Donana,558577EU,DAXEU,0,0,558577EU,,,,,Azioni,,,,8BCAEBB2-3337-411F-A94C-87C963B84A4B
694,1,NCR Corp,560034US,NYSE,0,0,NCR,,,,,Azioni,,,,8D430001-BA1C-4CED-93D3-88DBFE61EDF0
1222,14,Fondi Azionari GAM Dollar & Intl Red.SHS/,565470US,NYSE,0,0,565470US,,,,,Azioni,,,,F4C6C146-AC00-4852-A097-E392FE501CFF
1714,1,ALLEANZA ASSICURAZIONI SPA,565855,MIBEU,0,0,bianchi5,,,,,Azioni,,,,B09D7BFC-623A-4F5A-AD92-ED3495E712FB
492,1,Ass. Generali SpA,566030EU,MIBEU,0,0,G.MI,,,,,Azioni,,,IT0000062072,A35EF258-6F01-414B-BC54-43D9AA622E13
762,1,B.POP Bergamo,566636EU,MIBEU,0,0,PBCV.MI,,,,,Azioni,,,,9DCE3598-6DF7-470A-ABFA-C3FED187B0D0
1921,14,BGF-US Basic Value Fund,567961US,NYSE,0,0,567961US,,,,,Azioni,,,LU0072461881,C89225C7-08D5-4FDE-94BB-F31936A5D798
360,1,Unicredito,569105EU,MIBEU,0,0,UC.MI,,,,,Azioni,,,IT0000064854,CAF58F86-AC7C-45BC-AE69-08F6A4BEE515
651,1,Mediobanca SpA Common Stock,574959EU,MIBEU,0,0,MB.MI,,,,,Azioni,,,IT0000062957,B0CDF77A-9359-419D-8114-C5076E9A3B71
1640,1,Banca Intesa,575914,MIBEU,0,0,bigmac20,,,,,Azioni,,,,A0D62C2E-DE04-4AF8-9280-56670AD7516C
770,1,PIRELLI C SPA,576546EU,MIBEU,0,0,PC.MI,,,,,Azioni,,,,3329AE45-88A6-46D8-AC5C-89FB9D53E4C7
331,1,Ciba Spez. Na,581972CH,ZH,1,0,CIBN.S,,,,,Azioni,,,CH0005819724,E1F04E10-85E5-4007-813B-F4498556BAC8
1617,1,Ciena,582383,NASDAQ,0,0,palace57,,,,,Azioni,,,,7CC6E8AB-EEB7-491F-A66A-E4D09EF3697F
1419,14,UBS (CH) EF Energy,58450US,NYSE,0,0,CH0000584505,,,,,Azioni,,,CH0000584505,5BD13F6A-DA38-41BB-AF58-9FE091BAF5A2
1715,1,VILLA D'ESTE SPA,585483,MIBEU,0,0,bianchi6,,,,,Azioni,,,,A60F425C-7641-425D-BB97-DEACCCBFF175
179,1,Royal Dutch ,587843CH,ZH,0,0,RD.S,,,,,Azioni,,,NL0000009470,F1ED1BAC-FACC-4906-9537-5B1D8647DA2F
1377,1,Royal Dutch ,587843EU,ASEEU,0,0,RDA.AS,,,,,Azioni,,,NL0000009470,407D26D1-AAE6-479F-98C4-043DBB7DDCDC
1299,31,iShares MSCI Emerging Mkt Index,590188652US,NYSE,0,0,EEM,,,,,Azioni,,,US4642872349,A9EA0AB1-B39C-439E-844E-02010621E302
1014,1,VPBK Vaduz I,591288CH,ZH,1,0,VPB.S,,,,,Azioni,,,,AA1EA208-C4DD-4DEA-9429-F814C2D6051F
1711,1,COMP OCC POUR LA FINANCE ET INDUSTR,593414,DAXEU,0,0,bianchi2,,,,,Azioni,,,,397528B5-DE54-4148-BD28-DFA0777A9570
1276,14,Julius Baer Multistock SICAV - Pacific Stock,596406US,NYSE,0,0,596406US,,,,,Azioni,,,,AFF57B86-022D-4CD6-832A-53594F5A28DB
1926,14,Parvest US Classic C Fund,596647US,NYSE,0,0,596647US,,,,,Azioni,,,LU0012181318,75F38855-AEB3-4AA8-B55D-A1B5AD3B7477
184,1,HPI SpA,597747,MIBEU,0,0,null8,,,,,Azioni,,,,3B33FAF9-CE45-46EA-A36D-CC281A35D017
1666,1,WORLD INVEST SICAV ABSOLUTE RETURN,600594,DAXEU,0,0,battle1,,,,,Azioni,,,,AE7951C7-84FC-407A-A7FC-8E47FC9015D2
1782,14,UBAM Sic.-Neuberger Berman US Eq,600663,NYSE,0,0,600663,,,,,Azioni,,,LU0045841987,B20F7569-38C8-49D5-B767-B4BE93C85D02
1608,1,JB Multicash Eur,600916,DAXEU,0,0,palace49,,,,,Azioni,,,,CB652716-816E-4A4B-93C8-2F25B60BF620
1781,14,Nordea 1 Lux Sicav North Am. Value,601300,NYSE,0,0,601300,,,,,Azioni,,,LU0076314649,7A09F75B-7D76-4F25-858A-BA10DD275895
185,14,CS Prime Sel Trust (LUX) SICAV,603215EU,DAXEU,0,0,603215EU,,,,,Azioni,,,,642ABE1D-90B0-4711-B796-1D56ACDCA0A3
1737,14,CL Russia EF,603364US,NYSE,0,0,603364US,,,,,Azioni,,,GB0006097975,77302C35-1D65-4A5A-B56E-DC4EC256191B
135,1,ABN AMRO Holding,603768EU,ASEEU,0,0,AABA.AS,,,,,Azioni,,,,DD1F82B3-B0C0-43C0-AF97-CBB8C481C995
175,1,AHOLD,608511CH,ZH,0,0,AHO.S,,,,,Azioni,,,,018AEB7A-63D3-4837-AD82-67AE131B9005
1563,1,Onda America,61059,NYSE,0,0,palace6,,,,,Azioni,,,,85A6926C-5DBF-451E-8128-D47AADCA82F0
1459,1,Telefon AB. LM. Ericcson,614663SEK,STO,0,0,ERIC-B.OMX,,,,,Azioni,,,SE0000108656,0354713E-3877-47D7-9C86-E3BACA5D2C2D
451,1,Ericcson B ZT CH,614665CH,ZH,0,0,ERICZ.S,,,,,Azioni,,,,AF63D04D-AC25-4E77-9DAF-39EF0024B540
51,14,JSPECIAL Swiss Stock Fund,618151CH,ZH,0,0,618151CH,,,,,Azioni,,,LU0038279179,6FF1BFC7-4E02-4D75-85B6-B3B7A19CE5B2
1942,14,BGF-European Fund,618486EU,DAXEU,0,0,618486EU,,,,,Azioni,,,LU0011846440,0DE1CE61-A188-433B-9124-CC96A00F49F7
1102,1,Danzas SA,621300CH,ZH,1,0,null9,,,,,Azioni,,,,9949C30A-4A28-4A3D-B761-8A793E8BC2FE
192,1,Rentenanstalt,623098CH,ZH,1,1,null31,,,,,Azioni,,,,168D1DBF-9E4C-4779-8838-8B8F4F526C90
193,1,ABB SA,625432CH,ZH,1,1,null10,,,,,Azioni,,,,6E5D7841-13A0-44B6-B07A-EB38C924CE98
525,1,Hagemeyer NV Common Stock,627944EU,ASEEU,0,0,HGM.AS,,,,,Azioni,,,NL0000355477,8C2F57C6-50B7-4DD2-AF82-CA619032E76E
1635,1,Ziff-Davis Inc.,631319,NYSE,0,0,bigmac15,,,,,Azioni,,,,2EE7D0D3-240A-4BAF-A8DF-31F7FEB36D25
194,18,Opzioni UBS/Roche Gs,636231CH,ZH,1,1,null11,,,,,Azioni,,,,00480973-A718-45AE-A759-7FA0D8B8B2E1
1225,14,Fondi Azionari GAM Capital Appreciation FD Red.SHS/,637860US,NYSE,0,0,637860US,,,,,Azioni,,,,F00A2538-F07D-44C0-89E6-566479387837
99,14,Italy Equity Fund ABN,644731EU,MIBEU,0,0,644731EU,,,,,Azioni,,,,CD90F1F7-848D-4ED9-89CD-7B8ABBD0C0B7
1940,14,Oyster European Opportunities,645133EU,DAXEU,0,0,645133EU,,,,,Azioni,,,LU0096450555,B93E1780-D152-4D2A-9D12-497FBBB1BDF8
1557,1,LHS GROUP INC.,645948,DAXEU,0,0,palace1,,,,,Azioni,,,,C84FEE45-7503-4612-AF7D-6ED7553AD374
832,1,Rentokil Initial Common Stock,647054GB,LDN,0,0,RTO.L,,,,,Azioni,,,GB0007327124,020999A4-DE9B-4B3E-9457-F4E49EC2E846
1366,14,LG ASIAN SMALLER COS FUND,6476430US,NYSE,0,0,6476430US,STI.I,,,,Azioni,,,BMG547261070,B0274976-B573-418E-959C-2E91A1F8F202
1688,1,PAULSON INTERNATIONAL LTD S. 1,649235,NYSE,0,0,battle19,,,,,Azioni,,,,9A4ED7C2-8C7D-4918-8B8D-9E1F3747738D
1760,1,Integrated Asset Management,650745GB,LDN,0,0,IAM.L,,,,,Azioni,,,GB0004602628,B58FE09E-2BD4-4558-9DCA-CBB1886CAC52
1590,1,Vedior NV,651150,ASEEU,0,0,palace32,,,,,Azioni,,,,B91202FD-432B-4FE3-8EAA-6D53231B1C47
57,17,CSFB UK SEL EQ BSK,652636GBP,LDN,0,0,652636GBP,,,,,Azioni,,,,BB8C6092-5841-4F9B-BCEB-AF50AD771AAB
685,1,Morgan Stanley,653571US,NYSE,0,0,MS,,,,,Azioni,,,US6174464486,D46FCFC8-E002-42AF-B689-31B646CABA73
321,1,CENTERPULSE,654485CH,ZH,1,0,CEPN.S,,,,,Azioni,,,,BF0614B9-5865-4FD4-9BDB-4C05FA47D109
1944,14,LUKB Expert-TopGlobal,658661CH,ZH,0,0,658661CH,,,,,Azioni,,,CH0006586611,0E08E441-8E0B-4DC7-8CF7-9FAF5E70F9B4
1084,1,Mizuho Financial Group,6591014SEDOL,TYO,0,0,8411.T,,,,,Azioni,,,JP3885780001,5EF70B52-7CDF-46ED-B8E8-121B29E75313
103,14,UBS EF Technology,661211US,NASDAQ,0,0,661211US,NDX.X.X,,,,Azioni,,,,80CEE660-BB40-4555-820B-6894537039EA
613,1,Lufthansa Common Stock,667979EU,DAXEU,0,0,LHA.XE,,,,,Azioni,,,DE0008232125,C7244FDE-C553-45DE-8820-5E4E0CF5F7B3
1122,14,CS PF (Lux) Balanced (Sfr) B,672328CH,ZH,0,0,672328CH,SMI.S,,,,Azioni,,,LU0078040838,850AD5F2-669F-4A55-A7E4-DCF2FA366FB2
1060,3,CS PF Income CHF,672339CH,ZH,0,0,672339CH,,,,,Azioni,,,LU0078042883,FC824B18-9CF1-4583-B171-57706639B00B
1756,14,CS Port.-Growth-CHF,672378CH,ZH,0,0,672378CH,,,,,Azioni,,,LU0078041992,2385DA57-EC48-47C1-907B-3C9FC37BC881
1568,1,Wolters Kluver Nv,674614,DAXEU,0,0,palace11,,,,,Azioni,,,,10EFCC7D-B98E-46D2-B491-E876B9D3D16C
972,1,Tyco Int.,674698US,NYSE,0,0,TYC,,,,,Azioni,,,BM9021241064,ECDCB1AE-4B45-4390-AE36-137D27CE1C13
1618,1,Repsol YPF SA,675467,IBEXEU,0,0,palace58,,,,,Azioni,,,,64099C22-41D0-4BD8-BEF2-7E69CC1740E3
107,1,Baloise HLD N,675531CH,ZH,1,1,null49,,,,,Azioni,,,,E52A5D02-B8E5-4214-858D-6B20762D3455
1426,1,At Home Corp,678049US,NASDAQ,0,0,ATHMQ.OI,,,,,Azioni,,,,EDC7111C-2F0C-4897-A3E4-A0DD66C2B06C
734,1,OLIVETTI & C. SPA,678563EU,MIBEU,0,0,OL.MI,,,,,Azioni,,,,B277D0BF-25E5-4E4F-A040-2EA6EBF9E880
110,1,Telecom Italia S.p. a.,680799IT,MIB,0,1,null48,,,,,Azioni,,,,44E6A457-4C0D-4C06-AF38-8AC4607CAD3C
67,17,Japan Equity Top Basket,686027JP,TYO,0,0,686027JP,,,,,Azioni,,,,C54FF209-F34B-46C8-861B-902CA457666B
428,1,Eden Roc Min.,687237TO,TSE,0,0,EDN.TO,,,,,Azioni,,,,E8EE4D1A-C516-4FD3-8AA4-2AF46FAC4477
113,1,Unilever,690500CH,ZH,0,1,null32,,,,,Azioni,,,,528EECCA-4A8A-4DA1-B941-C3BBA22DFC87
114,1,Unilever,690500EU,ASEEU,0,1,null33,,,,,Azioni,,,,2146386F-AA8B-4D2A-951B-CDB9EC4993CE
115,1,Unilever,690500NLG,ASE,0,1,null34,,,,,Azioni,,,,AD6BDA47-F3ED-4CDD-88A4-7901E60D0892
846,1,Smithkline  Beecham,696149GBP,LDN,0,0,SB.L,,,,,Azioni,,,,291A719D-7C39-4777-AC51-AB52FD7BAD38
754,1,Placer Dome Inc Common Stock,697727CA,TSE,0,0,PDG.TO,,,,,Azioni,,,,4D2DAC39-199F-47E0-A778-D873356F594A
753,1,Placer Dome Inc Common Stock,697727US,NYSE,0,0,PDG.N,,,,,Azioni,,,CA7259061017,D0112EF2-90AC-4E25-9865-8A94CC04DF6A
845,1,Sanofi-Aventis,699381EU,CACEU,0,0,SAN.PA,,,,,Azioni,,,FR0000120578,BB0E0D48-802D-4DB1-9322-9F72E2AFE767
149,1,ACS Cons Y Serv Common Stock,711746EU,IBEXEU,0,0,ACS.MAC,,,,,Azioni,,,ES0167050915,28891A88-7B7F-4164-8660-47B085D94D88
1652,1,Hiestand Holding Ag,718698,ZH,0,0,bigmac30,,,,,Azioni,,,,ADD04223-6CBD-4211-BD99-066F16F0FED3
1100,14,CSFB Equity Fund HongKong,719519US,NYSE,0,0,719519US,,,,,Azioni,,,,D2E9C21D-72B6-4DEB-9326-B95C2ED266DD
1601,1,France Telecom SA,720128,CACEU,0,0,palace43,,,,,Azioni,,,,828604B2-A801-462E-BE6A-7FC4C7919836
1373,1,Samsung Electronics,721825US,NYSE,0,0,721825US,NDX.X.X,,,,Azioni,,,KR7005930003,2A692688-C095-4362-991E-369C53F00A58
1474,14,LODH Greater China Fund A,723283US,NYSE,0,0,LU0082229674USD.SUF,,,,,Azioni,,,LU0082229674,E27FEBE7-9CA2-4886-BC0B-A377333672B4
466,1,Grupo Ferrovial Common Stock,737860CH,IBEXEU,0,0,737860CH,,,,,Azioni,,,ES0162601019,3165B0C5-01B1-4A2A-AC4C-4104F590B12D
237,1,Bank of America,748628US,NYSE,0,0,BAC,,,,,Azioni,,,US0605051046,4DCA7A0C-F306-4220-9E14-F5E36CFB227A
983,1,Unilever cert CH,748805CH,ZH,0,0,UN.S,,,,,Azioni,,,NL0000009348,6688E88D-CC07-486F-BE1D-2DA456D55C2D
985,1,Unilever,748805EU,ASEEU,0,0,UNA.AS,,,,,Azioni,,,,DEAA0728-1359-4E72-813E-22BF289C06F1
124,1,Unilever Pref.,748810EU,ASEEU,0,1,null50,,,,,Azioni,,,,CE7BC6FB-47E6-4EAC-BFE0-4A65D22D9640
79,1,Canon Inc Common Stock,761599JP,TYO,0,0,7751.T,,,,,Azioni,,,JP3242800005,8AA64AAA-202F-4E7A-B688-16D1B93CA795
1346,1,Chugai Pharmaceutical Ltd.,761611JP,TYO,0,0,4519.T,,,,,Azioni,,,JP3519400000,FE9A1A48-2C55-48C1-AC31-60D5F31D7A9F
1328,1,Daikin Industries Ltd,761643JP,TYO,0,0,6367.T,,,,,Azioni,,,JP3481800005,98B436D8-D5FA-43C7-ABA6-8DD934E60780
14,1,Daiwa House Ind.,761745JP,TYO,0,0,1925.T,,,,,Azioni,,,,2FABFB6B-3BA8-4928-BAF0-0DC96F4CB6A9
49,1,Furukawa Elec.,761866JP,TYO,0,0,5801.T,,,,,Azioni,,,JP3827200001,BAB8F717-FB06-4DE2-9285-A7FFF7A71C52
127,1,IBJ,762087JP,TYO,0,1,null35,,,,,Azioni,,,,6093EE4E-D37C-45CF-AEA8-DB0F01661505
91,1,Ito Yokado,762117JP,TYO,0,0,8264.T,,,,,Azioni,,,JP3142800006,B41E9FF5-5173-4D8B-8884-11A58ADD2718
72,1,Kyocera Common Stock,762445JP,TYO,0,0,6971.T,,,,,Azioni,,,JP3249600002,40D1DFB2-CE14-4006-8DA5-BF8F14471765
56,1,Mitsubishi Elec Common Stock,762570JP,TYO,0,0,6503.T,,,,,Azioni,,,JP3902400005,80DD062E-909C-46C5-B3AB-EF0F028725E9
38,1,Sankyo Common Stock,763227JP,TYO,0,0,4501.T,,,,,Azioni,,,JP3326400003,A5C15B6E-7243-400B-A74E-8081E59D6330
62,1,Sony Corp,763300JP,TYO,0,0,6758.T,,,,,Azioni,,,JP3435000009,07CC8DE8-D78B-4636-A6A2-790DBF59119F
888,1,Sony Corp,763304CH,ZH,0,0,SON.S,,,,,Azioni,,,CH0007633040,D5410F8A-B722-45A3-A417-C0ED22B0D98B
39,1,Takeda Chem Inds Common Stock,763546JP,TYO,0,0,4502.T,,,,,Azioni,,,JP3463000004,50A6D966-AA5D-465A-9A52-77BC979FAC11
63,1,TDK Corp Common Stock,763593JP,TYO,0,0,6762.T,,,,,Azioni,,,JP3538800008,57584B2E-571E-422B-A222-FDD604AB36DC
55,1,Toshiba Corp Common Stock,763734JP,TYO,0,0,6502.T,,,,,Azioni,,,JP3592200004,10586D5A-42A8-4925-A1D3-594EA66FDB7A
40,1,Yamanouchi Pharm Common Stock,764030JP,TYO,0,0,4503.T,,,,,Azioni,,,JP3942400007,028D7218-84E5-446C-8B2E-DC55ED72834A
120,1,NTT,764057JP,TYO,0,0,9432.T,,,,,Azioni,,,JP3735400008,7E020831-09B0-4224-8A35-403EC9F29BEC
1643,1,Global Water Tech,789356,NYSE,0,0,bigmac23,,,,,Azioni,,,,51813C5A-9D48-4986-A819-8472678FA23D
1575,1,Cendant Corp,793305,NYSE,0,0,palace18,,,,,Azioni,,,,88E3E382-CB94-4876-B6AD-EF92B07BCD67
1057,1,Rentenanstalt N,802678CH,ZH,1,0,Ran.S,,,,,Azioni,,,,23CA16C1-7D8C-4AAA-A3BC-FB6C32E3D84D
503,1,GOLD Fields LTD,803185SA,JB,0,0,GFIJ.J,,,,,Azioni,,,,451D5B17-69D5-4FC5-8725-2AD375BE7F23
1512,1,Geberit SA,803822CH,ZH,0,0,GEBN.S,,,,,Azioni,,,CH0008038223,E17AE04C-4246-480F-8A1D-E826A1E14302
136,1,Aerospatiale-Matra,804612EU,CACEU,0,1,null12,,,,,Azioni,,,,C032DC14-C51A-40D8-A146-759F35AFD8E4
1221,31,Hedge Funds GAM Arbitrage,806512US,NYSE,0,0,806512US,,,,,Investimenti alternativi,,,,AF3FAE75-101D-4E5F-9803-A76F77AC0068
1408,29,Hedge Funds GAM Comp Abs Ret USD,806871US,NYSE,0,0,806871US,,,,,Investimenti alternativi,,,VGG4157S1048,623B828D-CA34-47CE-BD9E-DF6B796CAE2D
1290,31,Hedge Funds GAM JAP Hedge/OPEUR,809796EU,DAXEU,0,0,809796EU,,,,,Investimenti alternativi,,,VGG3720K1277,15EE116A-D241-45BC-8317-06573E914D40
413,1,DRAGADOS SA,811569EU,IBEXEU,0,0,DRC.MAC,,,,,Azioni,,,,D46E7E36-0ED0-4314-93A3-793F4D6F74A5
1587,1,Libertel NV,811847,ASEEU,0,0,palace29,,,,,Azioni,,,,B37949EA-FDB8-49C5-822A-36D9CB41858E
1644,1,Opengate Spa Malnate (VA),813238,MIBEU,0,0,bigmac24,,,,,Azioni,,,,FA7DF339-EC53-42A7-B15A-A997142B182A
984,1,Unaxis Common Stock,816820CH,ZH,1,0,OERL.S,,,,,Azioni,,,CH0000816824,1A59B01D-3CC9-47A6-885F-D3BACB27738C
1751,1,OERLIKON,81682CH,ZH,0,0,OERL.S,,,,,Azioni,,,CH0000816824,BECFD755-2F9E-4F06-BA02-3F5BB251DA86
1536,1,Banco Santander Central,817651EU,IBEXEU,0,0,SAN.MAC,,,,,Azioni,,,ES0113900J37,F601FEC9-D432-476C-A5F7-D364909FF252
141,1,Absolute Invest SA,817755CH,ZH,1,0,ABSZ.S,,,,,Azioni,,,,48038C58-93B5-4FE3-8780-27E9D4449C10
1275,14,Julius Baer Multistock - Japan Leading SICAV -B-,82172JP,TYO,0,0,82172JP,,,,,Azioni,,,,1B6E8B09-57F3-4367-986D-898AA1B5C47E
1668,1,FOCUS ASIA FUND - USD CLASS,822125,NYSE,0,0,battle2,,,,,Azioni,,,,D56D199E-1A46-4A84-B8B9-F4F4626DCD48
490,1,Gas Natural,822398EU,IBEXEU,0,0,GAS.MAC,,,,,Azioni,,,ES0116870314,E6DB148D-7151-44CE-A350-949633DB58B0
1168,14,UBS EF Financial Services,823131EU,DAXEU,0,0,LU0099863671,,,,,Azioni,,,LU0099863671,A05CA291-9203-48B2-A6CC-7B3774FADA21
89,14,UBS EF Telecom,823133EU,DAXEU,0,0,823133EU,,,,,Azioni,,,LU0098993750,22FD613D-8463-424B-AD36-C87F04A084E8
145,14,ING Bank Internet Fund,823801EU,ASEEU,0,0,null13,,,,,Azioni,,,,9EE59762-10A4-4CFA-97B1-C17FF58A2E52
930,1,Telefonica SA Common Stock,826858EU,IBEXEU,0,0,TEF.MAC,,,,,Azioni,,,ES0178430E18,360718ED-D6E7-4EDE-9595-161AA7566C6D
93,17,Japan Technology Basket,827630JP,TYO,0,0,827630JP,,,,,Azioni,,,,3FDE16B8-CF60-4B7D-90EF-7007DDCCD64F
583,1,JDS Uniphase,827665US,NASDAQ,0,0,JDSUD,,,,,Azioni,,,US46612J1016,F0EF6FE7-A026-46CC-A43A-ADBF630365DF
880,1,Siemens N chf,827766CH,ZH,0,0,SIN.S,,,,,Azioni,,,DE0007236101,8DEA91E7-23F8-454C-951B-2BBEFF653290
879,1,Siemens N eur,827766EU,DAXEU,0,0,SIE.XE,,,,,Azioni,,,DE0007236101,4FD5E05A-BE73-40A1-99AC-21A78DBA1FFD
869,1,Sogecable,829135EU,IBEXEU,0,0,SGC.MAC,,,,,Azioni,,,ES0178483139,36D27C4D-0057-4E29-8A00-A1CF3B2E08C4
386,1,Deutsche Bank N,829257CH,ZH,0,0,DBKGn.S,,,,,Azioni,,,,C6CE5D56-1A2B-476B-B772-5D4F12BEE1E4
385,1,Deutsche Bank AG Namen,829257EU,DAXEU,0,0,DBK.XE,,,,,Azioni,,,,DA784E6B-7E4B-4830-A7F8-7D2DFB36B00C
1632,1,MP3.com Inc,829550,NYSE,0,0,bigmac12,,,,,Azioni,,,,D05BA800-FE76-4CE6-9FB4-C54E952F71EE
54,1,Gold Fields,832382SA,JB,0,1,null36,,,,,Azioni,,,,65154D4C-DB50-4E20-BAAD-02661214B0DA
1592,1,Reuters Group Plc,832614,LDN,0,0,palace34,,,,,Azioni,,,,56E9B6D9-3F82-4E6C-B027-6FD75CE1DE50
1569,1,IDS Intelligent Detection SYS,838094,TSE,0,0,palace12,,,,,Azioni,,,,8AEE8F1E-688D-43B7-9725-A275CB07D4AD
1585,1,Gtr Group Inc.,841098,TSE,0,0,palace27,,,,,Azioni,,,,642704D5-012D-4F66-B321-6ECE0D998468
720,1,Numico,841757EU,ASEEU,0,0,NUM.AS,,,,,Azioni,,,,C5C88C41-F317-4375-A984-6543A1B96517
1332,1,Genentech Inc.,843475US,NYSE,0,0,DNA,,,,,Azioni,,,US3687104063,1ADE41AA-361D-4FF9-AA91-D34FF82A5A7B
1565,1,UBS SA OLD,847092,ZH,0,0,palace8,,,,,Azioni,,,,E6DD961E-606D-4997-A78B-28C7A933F96E
1564,1,Units Gottardo SHS Basket Japan 10.2.99,848102,TYO,0,0,palace7,,,,,Azioni,,,,BFF69556-C4F4-439E-BB73-D990280F9F02
485,1,Free State Gold,848328SA,JB,0,0,FSG.BRU,,,,,Azioni,,,,C4B12D6D-9D79-45D5-AE22-90F890668114
1588,1,USA Networks Inc.,854018,NYSE,0,0,palace30,,,,,Azioni,,,,51565332-2545-46A2-9D66-FAA3DD3E1B46
1412,14,UBS (Lux) EF Health Care B,855245US,NYSE,0,0,LU0085953304,,,,,Azioni,,,LU0085953304,CE78536B-625A-4CF4-AC26-414FD5B20296
223,1,Avgold,855617SA,JB,0,0,AVGJ.J,,,,,Azioni,,,,492D6ADF-AE53-4CFD-82D0-CBAE288596BF
203,1,Anglogold,856790SA,JB,0,0,ANGJ.J,,,,,Azioni,,,,667E3CA7-1E07-4D99-AA6E-A52231EC4714
1372,14,Manulife China Value,8682880US,NYSE,0,0,LU0085394640,,,,,Azioni,,,LU0085394640,1217F772-366C-43D8-BACF-714D22E2F1A2
165,1,Aegon,870611EU,ASEEU,0,0,AGN.AS,,,,,Azioni,,,,D73D87A3-EE44-4756-AEA6-08DB964DAE0B
1010,1,Vontobel I,87255CH,ZH,1,0,VONN.S,,,,,Azioni,,,CH0012335540,7F54831B-C666-4621-B0CD-D4C3EE45C92F
468,1,Fiat spa,872949EU,MIBEU,0,0,F.MI,,,,,Azioni,,,IT0001976403,A3D05647-5151-4C2A-9D16-666B9153B150
1798,1,Fiat Priv,872968,DAXEU,0,0,FP.MI,,,,,Azioni,,,IT0001976411,B084A919-57F4-457C-BF29-05F516017F63
1799,1,Fiat Risp,872988,DAXEU,0,0,FR.MI,,,,,Azioni,,,IT0001976429,7A5FE2C9-5048-4033-ABEA-6390F2AD8526
848,1,Saia-Burgess N,873861CH,ZH,1,0,SBEN.S,,,,,Azioni,,,,807189A6-68F6-4CBD-AF19-5E0D73C2DAF1
856,1,Swisscom N,874251CH,ZH,1,0,SCMN.S,,,,,Azioni,,,CH0008742519,3335BA5B-EC06-41D0-9CC6-3941292D45E3
1952,14,Ukrainian Inv Fd,881454US,NYSE,0,0,BSP943411079,,,,,Azioni,,,BSP943411079,2743F497-AE3C-4E66-83B3-5F2ACC6DC797
919,1,SAIR Group,881506CH,ZH,1,0,SWSZn.S,,,,,Azioni,,,,B16FD736-8D49-4669-BB35-BCBE6B0CE0EF
187,1,Altadis SA,882371EU,IBEXEU,0,0,ALT.MAC,,,,,Azioni,,,,504E4C2D-0ADC-40B0-BFA6-9F03973CC799
1264,14,CQ XMTCH ON SMI,889976CH,ZH,1,0,889976CH,SMI.S,,,,Azioni,,,,38B01B75-E286-436D-A307-4856D23C53D3
1113,14,CS Systematic Alpha Equity Eurozone,890385EU,DAXEU,0,0,890385EU,SX5E.STX,,,,Azioni,,,LU0102715769,B9E1C239-D228-400F-A511-FCAE8CF87DED
1229,14,CQ Pictet Funds FCP Biotech,891431US,NYSE,0,0,891431US,,,,,Azioni,,,,D6D9EB25-64D0-452A-8EFD-DC542FA86344
361,1,Banca Carige SpA,894838EU,MIBEU,0,0,CRG.MI,,,,,Azioni,,,IT0003211601,1A11A795-0E12-4DCC-B8F0-E8E5F633F3A6
162,1,Adval Tech N,896792CH,ZH,1,0,ADVN.S,,,,,Azioni,,,CH0008967926,7B85FA55-BBE7-45C6-BCF4-A17F046FD3D0
504,1,Gretag Imaging N,898438CH,ZH,1,0,GIGNn.S,,,,,Azioni,,,,03276087-12A6-47EC-AFD4-7740D6C4CB9B
1596,1,Cert US Stocks Benchmark 28.03.03,9000020414,NYSE,0,0,palace38,,,,,Azioni,,,,B2681A86-599C-4568-B020-9ED48B58CAE6
132,1,Agilent Tech,901692US,NYSE,0,0,A,,,,,Azioni,,,,383C1F3D-6A34-4EB7-910B-3ADCAD0AC435
142,1,Abbott Labs Common Stock,903037US,NYSE,0,0,ABT,,,,,Azioni,,,,09277C1B-A263-4E8D-B668-F6B1DCA2DCFF
1639,1,ACTV Inc.,903315,NYSE,0,0,bigmac19,,,,,Azioni,,,,B75D6D14-ECA4-4024-99FC-22BC77EB0BE8
74,1,Air Express int.,903801US,NASDAQ,0,1,null14,,,,,Azioni,,,,C31812E9-415B-4BC4-BF7A-E6CA1B762B40
206,1,America On Line,906606US,NYSE,0,0,TWX,,,,,Azioni,,,,048EDD64-2170-4953-A1CF-A0E0C5E5D41D
243,1,Brit Am Tobacco Common Stock,909525GB,LDN,0,0,BATS.L,,,,,Azioni,,,GB0002875804,5F2F3707-75EC-49CF-A49B-8A81B33D825B
262,1,Baker Hughes,910918US,NYSE,0,0,BHI,,,,,Azioni,,,,9F687057-00DA-4406-83E8-C5A34837D3A8
1625,1,Bank of NY,911172,NYSE,0,0,bigmac6,,,,,Azioni,,,,3FD23CE7-3A90-4588-9A84-04903A573FF3
1791,14,JPMORGAN MIDDLE EAST EQ,911305,NYSE,0,0,911305,,,,,Azioni,,,LU0083573666,B946C2A3-B50E-4C9C-A93C-0BD2972016CE
275,1,Bristol Mayer Squibb,914188US,NYSE,0,0,BMY,,,,,Azioni,,,,F6DF6A7A-77B2-47D7-B508-AA1964F68CBE
78,1,Z端rich Allied,914210CH,ZH,1,1,null15,,,,,Azioni,,,,E132FB8D-46E1-4096-8D52-A42B86CF5C8C
186,1,ALSTOM,915027EU,CACEU,0,0,ALS.PA,,,,,Azioni,,,FR0000120198,1E17A4F4-A487-45EF-9520-2A40A7549F3D
323,1,Chief Cons.Mining,918272US,NASDAQ,0,0,CFCM.O,,,,,Azioni,,,,E64603C5-D36F-4475-B032-4FA72BB8BB75
367,1,Cisco System,918546US,NASDAQ,0,0,CSCO,,,,,Azioni,,,US17275R1023,556D08BF-DD7B-48CF-8731-9B450F67CA17
1561,1,Mediaone Group Inc,918692,NYSE,0,0,palace4,,,,,Azioni,,,,DABC027D-4E54-4BA4-BE1A-EBFF76A36FB0
436,1,EMAK s.p.a.,918868EU,MIBEU,0,0,EM.MI,,,,,Azioni,,,,628942E9-C746-4E13-BD5B-FA7D018E5073
83,1,EMAK S.p.a.,918868IT,MIB,0,1,null37,,,,,Azioni,,,,A05740D7-C6F4-41EF-83F7-F1C9CCC61094
84,1,Coca Cola Co,919390CH,ZH,0,0,KO.S,,,,,Azioni,,,US1912161007,08CFB20F-524E-42C0-B9B4-4947D1D412B5
595,1,Coca Cola,919390US,NYSE,0,0,KO,,,,,Azioni,,,US1912161007,AE1931B0-0EE0-4D57-8F5F-DF1FC8CA523E
334,1,Colgate Common Stock,919477US,NYSE,0,0,CL,,,,,Azioni,,,US1941621039,2A8AC0EF-03F6-4761-8C38-D45240319FB2
1755,1,Columbia Laboratories,919756US,NYSE,0,0,CBRX.O,,,,,Azioni,,,US1977791011,9F66AE74-B7BE-4ED4-8FE3-5E6F0FA12E90
1594,1,Compaq Corp.,920123,NASDAQ,0,0,palace36,,,,,Azioni,,,,685B507B-7061-4ABE-A1D6-698E61D45D17
357,1,Compaq Computer,920123US,NYSE,0,1,CPQ.N,,,,,Azioni,,,,C56B7AE2-8FF1-4ACD-820A-1145FF4AB32D
87,17,CSFB Swiss big cap basket,921176CH,ZH,0,0,921176CH,,,,,Azioni,,,,57ABEE68-1FC8-4819-A558-622BA3179D91
1716,1,BENETTON GROUP SPA,922132,MIBEU,0,0,bianchi7,,,,,Azioni,,,,5B69AB03-56DD-45D4-AC66-52BFA2998084
1294,14,Fondi Azionari GAM STAR America EUR,924162EU,DAXEU,0,0,924162EU,,,,,Azioni,,,IE0002943649,16E6138B-D15A-4B97-9026-B58BCB221AE4
438,1,EMC Corp,926696US,NYSE,0,0,EMC,,,,,Azioni,,,US2686481027,ACA09DAE-5199-48A9-BA36-4130A5B17B95
390,1,Du Pont Nemours & Co,927399US,NYSE,0,0,DD,,,,,Azioni,,,,9BE32122-668A-4F21-B70B-1226F99D4293
391,1,E.I.Du Pont de Nemours,927401CH,ZH,0,0,DD.S,,,,,Azioni,,,,DB1EFB62-04FB-4896-9BB6-2B28FD968A7F
484,1,Freddie Mac,929673US,NYSE,0,0,FRE.N,,,,,Azioni,,,US3134003017,9639F188-9479-4475-A2AB-B9447B54903B
476,1,Fannie Mae,929694US,NYSE,0,0,FNM.N,,,,,Azioni,,,US3135861090,534A0C17-A154-4D46-8584-833402D8228C
95,31,CSFB Italian Sel. Stock bskt zer.,931085EU,MIBEU,0,1,null38,,,,,Azioni,,,,B3D65A36-E122-4DA5-AB4F-A3D68C52E458
250,1,BBVA Common Stock,931474CH,IBEXEU,0,0,BBVA.MAC,,,,,Azioni,,,ES0113211835,C1DA454F-1316-423A-8502-B77A589318F7
500,1,General Electric,933071US,NYSE,0,0,GE,,,,,Azioni,,,US3696041033,CDA88D3E-0529-4089-A738-47761FFD39E8
501,1,General Electric,933079CH,ZH,0,0,GE.S,,,,,Azioni,,,,DC9E3F16-7621-4118-84A2-428E2FB5A50C
511,1,GM Common Stock,933261US,NYSE,0,0,GM,,,,,Azioni,,,US3704421052,C860BBDA-152D-43DD-B76E-0D87A96DC756
1033,1,Waste Managemnt Inc,933404US,NYSE,0,0,WMI,,,,,Azioni,,,,FBD34D8E-5144-4081-9D46-70DA94EEDC77
381,1,Celanese AG,933566EU,DAXEU,0,0,CZZ.XE,,,,,Azioni,,,DE0005753008,DC85B4E5-6A94-4C3A-BF68-3F691C8E6E0C
15,14,CSFB Netherlands Selected Eq.,934908EU,ASEEU,0,0,934908EU,,,,,Azioni,,,,6CBE976D-0645-4BD0-A298-BC3CDC2B74DF
1296,31,Hedge Funds GAM Divers II/EURO,935895EU,DAXEU,0,0,935895EU,,,,,Investimenti alternativi,,,VGG371601193,993E5252-9316-4F63-B60F-6A50A9E06D49
1589,1,Halliburton,937414,NYSE,0,0,palace31,,,,,Azioni,,,,1A525454-2904-4034-BF9E-DFD424A824A8
550,1,Hewlett - Packard Co,938718US,NYSE,0,0,HPQ,,,,,Azioni,,,US4282361033,2037AC5A-99F5-468F-B003-A54101B2F3C3
119,14,UBS EF Euro Countries,940812EU,DAXEU,0,0,940812EU,SX5P.STX,,,,Azioni,,,LU0089880644,509496D8-BB6A-41B2-8812-3183300CF9E3
1610,1,JB Multibond EUR b,941109,DAXEU,0,0,palace50,,,,,Azioni,,,,195AEDC8-76BC-4437-A499-CE2E1A199808
570,1,Intel Corp,941595CH,ZH,0,0,INTC.S,,,,,Azioni,,,US4581401001,4A8C77B6-8DC3-4AD0-8DE5-CC9686A9EE63
569,1,Intel Corp.,941595US,NASDAQ,0,0,INTC,,,,,Azioni,,,US4581401001,684F48F8-DE1A-4878-96FD-853DC84D0371
557,1,IBM,941800US,NYSE,0,0,IBM,,,,,Azioni,,,US4592001014,AC89B352-1D66-48AE-B0BC-90DF7144C9CF
1846,1,Citigroup,942676EU,DAXEU,0,0,942676EU,,,,,Azioni,,,US1729671016,7B3C9C1D-F7FC-4BD5-ADC9-383CEDC7EDDC
296,1,Citigroup Inc.,942676US,NYSE,0,0,C,,,,,Azioni,,,US1729671016,72D86B34-1500-4DA2-AE4D-DFC983D16AB0
584,1,Johnson & Johnson,943981US,NYSE,0,0,JNJ,,,,,Azioni,,,US4781601046,E23E99E8-8388-4D8C-98A8-332771395CED
587,1,Kellogg Co,944624US,NYSE,0,0,K,,,,,Azioni,,,,864461E4-1DF9-4AB9-B2FC-6C3A25ACCB9C
1604,1,JP Morgan Euroland Fund,945248,DAXEU,0,0,palace46,,,,,Azioni,,,,D3DD1351-53AB-4111-ABDA-24AE119C1645
389,1,DaimlerChrysler,945657CH,ZH,0,0,DCX.S,,,,,Azioni,,,,6CC2F1A9-887D-4E0C-8F7E-6A19D8C65933
25,1,DaimlerChrysler,945657D,DAX,0,1,null39,,,,,Azioni,,,,2C7C0C08-4C96-4F7D-8D1F-D4E4AB262895
388,1,Daimlerchrysler,945657EU,DAXEU,0,0,DCX.XE,,,,,Azioni,,,,8AD35C63-BD7B-4800-883E-50AE36EDAD37
621,1,Eli Lilly & Co,947556US,NYSE,0,0,LLY,,,,,Azioni,,,,D7025237-DB1E-4DE5-A866-34DECB46AB6D
1773,29,FIM Long-Invest PCC LTD - Euro Fund,947566,DAXEU,0,0,947566,,,,,Investimenti alternativi,,,GB0004810254,95AB363A-D565-458D-A2C3-CC1FB8AF7ABF
1655,1,Lansdowne European Eq Fund,948042,DAXEU,0,0,bigmac33,,,,,Azioni,,,,DC0A2C5C-8C3B-4B5E-8B7D-CAF1DC810C04
1627,1,MCDONALD'S Corp.,950605,NYSE,0,0,bigmac8,,,,,Azioni,,,,D79BEF2D-98EB-4DBE-9C76-0D0D719437A1
654,1,Medtronic Inc Common Stock,950980US,NYSE,0,0,MDT,,,,,Azioni,,,US5850551061,D34BEEDB-4C83-4EC0-B611-075F859A95B1
677,1,Merck & Co,951138US,NYSE,0,0,MRK,,,,,Azioni,,,US5893311077,40905B4C-D2AC-429F-B2FE-DDFEBED025CA
680,1,Microsoft Corp,951692US,NASDAQ,0,0,MSFT,,,,,Azioni,,,US5949181045,5743FC41-CE1D-4E67-B204-EEED98641F72
1660,1,Minnesota Mining & Manufactoring Co,952509,NYSE,0,0,bigmac38,,,,,Azioni,,,,3244BBFB-3D64-4734-B9A1-EF8F11E3FBE8
26,1,Mobil Corp,952962US,NYSE,0,0,null16,,,,,Azioni,,,,87B5114D-182D-42FC-BCE2-74ADD4EB7FC2
18,1,Mobil Corp,952963CH,ZH,0,0,null17,,,,,Azioni,,,,084A0198-0403-47AB-8FED-D359A75B6506
19,1,Monsanto,953310US,NYSE,0,1,null18,,,,,Azioni,,,,548487CD-40CD-4BB8-9534-13554E180681
27,15,CSFB S&P 500 Index zer.,953360US,NYSE,0,0,953360US,,,,,Azioni,,,,12992920-10D4-4EB2-8DB3-D25A8CFC6FBC
28,31,MCI Worldcom,953613US,NASDAQ,0,1,null40,,,,,Azioni,,,,03D127F2-DD61-41CC-BE07-8757817BE15B
122,1,NTT Do Co Mo,953823JP,TYO,0,0,9437.T,,,,,Azioni,,,JP3165650007,00B70750-9FB6-4415-A1B2-EE81A51E5B57
23,14,JB Special Europe Stock Fund,955603EU,DAXEU,0,0,955603EU,,,,,Azioni,,,,F4FBB1B6-02B7-4DD9-AAF0-1D15454D13F3
424,1,EBAY,956191US,NASDAQ,0,0,EBAY,,,,,Azioni,,,,E30DA48F-71D8-4585-A3D7-B41A1BE2457B
696,1,Newmont Mining Common Stock,956952US,NYSE,0,0,NEM,,,,,Azioni,,,US6516391066,2845719F-F3DE-4B22-99BA-43BBD7A40971
708,1,Novell Inc Common Stock,958085US,NASDAQ,0,0,NOVL,,,,,Azioni,,,US6700061053,F7898955-0450-4BEF-B9F8-B4510B6C1EE6
739,1,Oracle Corp Common Stock,959184US,NASDAQ,0,0,ORCL,,,,,Azioni,,,US68389X1054,EBB1AA6A-40CF-4BEC-A517-8E4B09626715
1566,1,PAGING NETWORK INC.,960232,NASDAQ,0,0,palace9,,,,,Azioni,,,,141ADE49-25C8-4811-A2BD-DABD38820D8F
760,1,Pfizer,962004US,NYSE,0,0,PFE,,,,,Azioni,,,,5E18EC93-4DF9-407E-BA72-6DF8FFCC02B9
786,1,Pharmaceutical Res.,962028US,NASDAQ,0,0,PRX.N,,,,,Azioni,,,,6FEEABFB-F49F-4CF3-B4AA-6E693E74FBC0
761,1,Procter & Gamble Common Stock,963896US,NYSE,0,0,PG,,,,,Azioni,,,US7427181091,B1323178-E366-41E8-ACA4-7AB28B907259
898,1,SANPAOLO IMI SPA,964338EU,MIBEU,0,0,SPI.MI,,,,,Azioni,,,IT0001269361,3892457F-8E6F-4FCA-BD27-F2CCB2DF10BF
1614,1,QUALCOMM INC,964930,NASDAQ,0,0,palace54,,,,,Azioni,,,,F3BEB2A4-8D45-4AFB-A6CD-03D33EB9CA6B
1562,1,Sara Lee Corp,968372,NYSE,0,0,palace5,,,,,Azioni,,,,DE660890-565A-42D5-9AA6-0539FC9510DC
1612,1,Sprint Corp,970241,NASDAQ,0,0,palace52,,,,,Azioni,,,,E3BA264A-89DC-4AA1-A8FC-B77B6423EA9A
1712,1,SOUTHMARK CORP,971811,NYSE,0,0,bianchi3,,,,,Azioni,,,,5FD41AF2-F700-4509-9467-8FDAA2B3ED0F
1713,1,SOUTHMARK CORP -A-,971812,NYSE,0,0,bianchi4,,,,,Azioni,,,,F22FAB80-940B-4FA4-A4FB-0A5C694FD478
915,1,Sun Microsystem,974846US,NYSE,0,0,JAVA,,,,,Azioni,,,US8668101046,E4D24F6A-A80C-4150-95A8-1D94D552CB81
656,1,Mediolanum SpA,976622EU,MIBEU,0,0,MED.MI,,,,,Azioni,,,IT0001279501,3BC8029D-80D1-4852-9AC6-F3B45DE93DD2
1573,1,Texas Instrument Inc.,976910,NYSE,0,0,palace16,,,,,Azioni,,,,B0908D5C-2C18-4542-8A1F-63E35B5E8292
1437,25,Immofonds,977876CH,ZH,0,0,IM.S,SWIIT.S,,,,Azioni,,,CH0009778769,13124538-E884-48CC-BD50-DD0A2C81650E
1577,1,United Tech Corp,980943,NYSE,0,0,palace20,,,,,Azioni,,,,C4FEB6ED-61D7-4986-BBB4-4684F4E56527
32,16,Perles Nikkei 225,981372JP,TYO,0,0,981372JP,,,,,Azioni,,,,C94D3F4B-D4AC-405F-8402-15D6943AEBCF
31,1,Vitesse Semi.,983748US,NASDAQ,0,0,null19,,,,,Azioni,,,,7E40B164-D528-4625-8C03-41E70F750087
1034,1,Walmart Stores,984101US,NYSE,0,0,WMT,,,,,Azioni,,,,3BFE4B0A-B0AC-46ED-A7DC-8C1A87C9CB9B
402,1,The Walt Disney,984192US,NYSE,0,0,DIS,,,,,Azioni,,,,8E74FC76-B9C2-4ECD-87A3-F9AACA17FBF6
1623,1,Warner Lambert,984434,NYSE,0,0,bigmac4,,,,,Azioni,,,,C6E659D6-21DC-4021-83CD-601ED5D63BB3
34,1,Warner Lambert,984434US,NYSE,0,1,Warner Lambert,,,,,Azioni,,,,CA370306-57BD-4C10-AC06-8280D5738074
1293,31,Hedge Funds GAM Open Class,984503EU,DAXEU,0,0,984503EU,,,,,Investimenti alternativi,,,VGG3719V1269,0401F365-2EBA-4D45-8C94-B8646DC1CA1B
1642,1,Western Digital,985376,NYSE,0,0,bigmac22,,,,,Azioni,,,,3FD657A7-3AD1-4602-AE66-0E736EFC0F1E
1042,14,S&P Sel Health Care SPDR Fund,986012US,NYSE,0,0,XLV,,,,,Azioni,,,US81369Y2090,5FB48759-2E25-49BB-B1FF-3E344A48D627
1821,1,Sector Spdr Trust Discretionary Select Sector,986013,NYSE,0,0,bang5,,,,,Azioni,,,986013,61075AFA-1272-46FA-B5DD-CC05528C2144
1815,1,Sector Spdr Trust Energy Select Fund,986016,NYSE,0,0,bang1,,,,,Azioni,,,986016,1B5D57B2-084E-44A2-9195-5021BAF8707C
1483,1,S&P Sel Energy SPDR Fund,986016US,NASDAQ,0,0,XLE,,,,,Azioni,,,US81369Y5069,4490B665-D46F-488E-B16C-A473E94319CE
1820,1,Sector Trust Financial Selct,986018,NYSE,0,0,bang4,,,,,Azioni,,,986018,16BD0D17-2F67-42D6-BFDE-7A99BB135324
1633,1,Alcoa Inc.,986052,NYSE,0,0,bigmac13,,,,,Azioni,,,,816229FB-A9CA-487A-A5F9-2682453612C4
1364,14,LODHI-EASTERN EUR,987471EU,DAXEU,0,0,LOH1.GBE,,,,,Azioni,,,LU0066977710,AC84964C-F116-41CE-99FD-7DCF29B421CD
1645,1,xerox,987530,NYSE,0,0,bigmac25,,,,,Azioni,,,,5D9EB38A-D416-41B6-81B8-C2C55CD524E7
1831,1,ENI Adr,990631333,NYSE,0,0,umidita1,,,,,Azioni,,,990631333,1377D6D8-6849-4155-A3B6-2F19EC856F45
1624,1,MCKESSON HBOC,991041,NYSE,0,0,bigmac5,,,,,Azioni,,,,5576C2F7-C452-43D6-8E8B-BFFD967CCF01
1603,1,LODH Euro Credit Bond -A-,992515,DAXEU,0,0,palace45,,,,,Azioni,,,,9B32D68D-F9D6-4697-B9D0-5724B68BC2C9
1212,14,Fondi Azionari GAM STAR USA  EURO Accum.SHS,995414EU,DAXEU,0,0,995414EU,,,,,Azioni,,,,528BBF88-EBB0-45E0-9B8C-ADB2AC6793AC
1291,14,Fondi Azionari GAM GAMCO Fund,995527US,NYSE,0,0,995527US,,,,,Azioni,,,VGG3715Z1053,A5DC087E-88CB-4773-80C6-868AF67D1949
1289,31,Hedge Funds GAM Multi/Europe,995595EU,DAXEU,0,0,995595EU,,,,,Investimenti alternativi,,,VGG3716H1047,5A39F719-4F93-4EA2-A4E8-BC7DA84EEA2C
1220,31,Hedge Funds GAM Trad USD SHS/USD,995597US,NYSE,0,0,995597US,,,,,Investimenti alternativi,,,,3C680600-9FAC-4AEE-887F-90DD464B385D
1288,31,Hedge Funds GAM EMR MKTS MULTI,995599US,NYSE,0,0,995599US,,,,,Investimenti alternativi,,,VGG3715J1012,9C35C82C-2933-45CF-A78C-9A7FAABADA63
1607,1,Mercury Selected Eur Markets Fund,995890,DAXEU,0,0,palace48,,,,,Azioni,,,,00A5440A-1D81-41BA-BB1A-035736134F5F
1719,1,PLANETARIUM FUND CHF BOND,996018,ZH,0,0,bianchi10,,,,,Azioni,,,,B294763B-513B-4A93-82A2-3E2ED6A056E3
1829,1,S&P500,998434,NYSE,0,0,bang7,,,,,Azioni,,,998434,97A62A53-DBA2-46F7-9074-0AD967409552
1939,29,AA Glob Multi-Strategy Fund,A1,NYSE,0,0,A1,,,,,Investimenti alternativi,,,A1,7C49D6DA-6F04-4F40-ABA6-D5F042F0317F
487,1,Artilium,B1L7NQ3,LDN,0,0,ARTA.L,,,,,Azioni,,,GB00B1L7NQ30,FFBB4753-84D7-4CCA-AE89-BBEE5CDD3376
1792,15,ETFS Metal Platinum,B1VS2W5,NYSE,0,0,B1VS2W5,,,,,Azioni,,,JE00B1VS2W53,3FDB98CB-6911-46DD-9DAD-9A7C97B1C626
1671,1,GLS OFFSHORE GLOBAL OFF. FUND CLASS B S.15,battle1,NYSE,0,0,battle5,,,,,Azioni,,,,B151BDDB-A1EC-4ED6-A605-49AF9E644AB1
1951,29,Green Way Limited Class A (USD),BMG4102G1226,NYSE,0,0,BMG4102G1226,,,,,Investimenti alternativi,,,BMG4102G1226,36B2094D-BCDB-43D4-840A-525C3DA472E3
1784,1,Franco-Nevada,CA3518581051,TSE,0,0,FNV.TO,,,,,Azioni,,,CA3518581051,4A3437E1-D781-46BF-B548-88F855DCFEC6
208,1,Absolute Private Equity AG,CH0011113336,NYSE,1,0,ABSP-USD.S,,,,,Azioni,,,CH0011113336,E6E4BE54-611C-41D5-B112-69FCDDC28B07
1806,30,Rights on Deutsche Postbank,DE000A0AFEL6,DAXEU,0,0,DPB1.F,,,,,Azioni,,,DE000A0AFEL6,9C4CEDF6-5839-4368-B1AB-E34AF8C82C50
1303,31,Tracks MSCI Financial,FR0000001703,CACEU,0,0,STZ.PA,,,,,Azioni,,,FR0000001703,0A2D1FCC-0E46-4C8D-8654-E0C74E8D982D
577,14,Prudentia,IT0001073607,MIBEU,0,0,IT0001073607,930.MII,,,,Azioni,,,,A9491541-4386-4688-9462-A87D7FEDA3E7
633,14,Interfund SICAV - Global,LU0006040116,MIBEU,0,0,LU0006040116,INX.X,,,,Azioni,,,,4F586D37-C52D-44FD-B4D0-1B5BFB9DB324
1931,14,AA MMM North American Equities,LU0321538281,NYSE,0,0,LU0321538281,,,,,Azioni,,,LU0321538281,475F4A8F-5CA3-4914-8406-C6CA0108E481
1932,14,AA MMM Asia Pacific Equities,LU0321538521,NYSE,0,0,LU0321538521,,,,,Azioni,,,LU0321538521,4441ED0F-615F-4200-9C5F-052C9EF1B32D
1929,14,AA MMM European Equities,LU0321538794,NYSE,0,0,LU0321538794,,,,,Azioni,,,LU0321538794,C7A99751-ED02-4EB4-9EE4-CA9A41CFE39D
1936,29,Fortis Absolute Ret CCY,LU0377060602,NYSE,0,0,LU0377060602,,,,,Investimenti alternativi,,,LU0377060602,94585D49-50D6-4F2E-B8F1-3EBE72D6767F
1807,30,Rights on Reinet,LU0392384540,DAXEU,0,0,LU0392384540,,,,,Azioni,,,LU0392384540,59B405BE-19E0-448B-910E-D271D31D7AB7
1938,29,MS-FX Alpha Plus RC 800,LU0415629194,NYSE,0,0,LU0415629194,,,,,Investimenti alternativi,,,LU0410169659,929F4146-F8EA-4F66-AD84-C3F492631AE7
1693,1,MELLON GO SERIES,MELLGO535,NYSE,0,0,battle24,,,,,Azioni,,,,340F55C3-5F6B-4F47-BB3F-F7813D697CAE
1805,30,Rights on Unilever,NL0006380586,ASEEU,0,0,NL0006380586,,,,,Azioni,,,NL0006380586,F8EF0CF9-FC85-49B9-8E7B-55C02C90BA2A
1683,1,PARADIGM GLOBAL FUND 1 USD,paradigm1,NYSE,0,0,battle15,,,,,Azioni,,,,1A58DD48-809C-408B-9D48-1412F21E3469
1386,14,KINGATE GLOBAL FUND LTD,VGG5255Z1146,NYSE,0,0,VGG5255Z1146,,,,,Azioni,,,VGG5255Z1146,2259CB27-6A50-4DB1-AF9B-9C683E7864A9
1300,21,Argento,XAG,NYSE,0,0,SLV=,,,,,Azioni,,,,82B33672-463A-46FC-AA12-E30E379C495F
1045,31,CBK INDEX Nikkei,XS0120868574,DAXEU,0,0,XS0120868574,,,,,Azioni,,,,4A9981B1-C395-41B2-83FE-EFC7917E80D7
1046,31,CBK INDEX Nikkei,XS0125591437,ZH,0,0,XS0125591437,,,,,Azioni,,,,75C92273-7BBE-4301-A33B-80948B3D0106